Price,Adj Close,Close,High,Low,Open,Volume
Ticker,MBG.DE,MBG.DE,MBG.DE,MBG.DE,MBG.DE,MBG.DE
Date,,,,,,
2020-01-02,31.399423599243164,41.56657791137695,41.84521484375,40.97188186645508,41.09248352050781,2973654
2020-01-03,30.830806732177734,40.813846588134766,41.36280059814453,40.30232238769531,41.296260833740234,4014262
2020-01-06,30.664306640625,40.59343338012695,40.59343338012695,39.70346450805664,40.2025146484375,3441396
2020-01-07,30.90934944152832,40.917816162109375,41.208927154541016,40.68076705932617,40.79721450805664,2816618
2020-01-08,31.08212661743164,41.14654541015625,41.16733932495117,40.48946762084961,40.58927536010742,2659070
2020-01-09,31.21407127380371,41.32121276855469,41.712135314941406,41.2921028137207,41.50419616699219,3098476
2020-01-10,31.05699920654297,41.113277435302734,41.508358001708984,41.05089569091797,41.46677017211914,3130777
2020-01-13,30.720853805541992,40.66829299926758,41.25467300415039,40.356388092041016,41.25467300415039,3089806
2020-01-14,30.44440269470215,40.30232238769531,40.89702224731445,40.1484489440918,40.643341064453125,4170529
2020-01-15,29.681018829345703,39.291751861572266,40.306480407714844,39.21273422241211,40.30232238769531,5857810
2020-01-16,29.451684951782227,38.988162994384766,39.46641540527344,38.72616195678711,39.333335876464844,4517609
2020-01-17,29.335451126098633,38.83428955078125,39.51632308959961,38.8093376159668,39.366607666015625,4582967
2020-01-20,29.256908416748047,38.73031997680664,38.91330337524414,38.439208984375,38.680416107177734,2802010
2020-01-21,29.153242111206055,38.593082427978516,38.90498733520508,38.21879577636719,38.49327087402344,3320743
2020-01-22,28.53436279296875,37.77381134033203,39.59949493408203,37.55755615234375,38.72200393676758,8999759
2020-01-23,27.915485382080078,36.95454025268555,37.7654914855957,36.78818893432617,37.43279266357422,5682839
2020-01-24,27.607614517211914,36.54698181152344,37.18326950073242,36.38895034790039,37.06266784667969,5996104
2020-01-27,26.749982833862305,35.41164779663086,36.1227912902832,35.257774353027344,36.039615631103516,6571183
2020-01-28,27.196081161499023,36.00218963623047,36.16437911987305,35.033203125,35.50729751586914,6708750
2020-01-29,27.27775764465332,36.11031723022461,36.372314453125,35.82752227783203,36.139427185058594,3965600
2020-01-30,26.88506507873535,35.59047317504883,36.08536148071289,35.469871520996094,35.74018859863281,3977028
2020-01-31,26.26618766784668,34.771202087402344,35.73187255859375,34.65891647338867,35.6362190246582,6017511
2020-02-03,26.149953842163086,34.61732864379883,34.92091751098633,34.44681930541992,34.82942581176758,4874196
2020-02-04,26.60861587524414,35.22450637817383,35.399173736572266,34.6131706237793,34.808631896972656,4197249
2020-02-05,27.679868698120117,36.642635345458984,36.642635345458984,35.03736114501953,35.266090393066406,7289595
2020-02-06,27.692434310913086,36.65926742553711,37.328826904296875,36.60520553588867,37.0460319519043,4471882
2020-02-07,26.944759368896484,35.669490814208984,36.49707794189453,35.532249450683594,36.49707794189453,5351345
2020-02-10,27.045286178588867,35.80257034301758,36.235076904296875,35.49482345581055,35.7568244934082,4438165
2020-02-11,26.787681579589844,35.461551666259766,37.23317337036133,35.2702522277832,37.058509826660156,9279666
2020-02-12,27.642169952392578,36.59272766113281,36.71333312988281,35.43244171142578,35.44491958618164,5981323
2020-02-13,27.170944213867188,35.96891784667969,36.372314453125,35.61126708984375,36.01466369628906,5057287
2020-02-14,27.057849884033203,35.8192024230957,36.6093635559082,35.79425048828125,35.93149185180664,3901916
2020-02-17,27.441112518310547,36.326568603515625,36.78818893432617,36.17269515991211,36.34736251831055,3431491
2020-02-18,26.684009552001953,35.32431411743164,35.943965911865234,35.32431411743164,35.84831619262695,4942339
2020-02-19,26.872499465942383,35.57383728027344,35.640380859375,35.004093170166016,35.50313949584961,3754859
2020-02-20,27.485097885131836,36.38479232788086,36.85472869873047,35.182918548583984,35.490665435791016,7037589
2020-02-21,26.762550354003906,35.42828369140625,36.538665771484375,35.02072525024414,36.10615539550781,7961935
2020-02-24,24.959320068359375,33.041168212890625,34.46345520019531,32.87481689453125,34.37196350097656,12125682
2020-02-25,24.81795310974121,32.85402297973633,33.44872283935547,32.4131965637207,33.36970901489258,8358050
2020-02-26,25.24833869934082,33.423770904541016,33.5069465637207,31.835134506225586,32.646087646484375,9711085
2020-02-27,24.40327262878418,32.30507278442383,32.949676513671875,31.905832290649414,32.61281967163086,9454676
2020-02-28,23.586477279663086,31.223798751831055,31.456689834594727,30.541767120361328,30.911893844604492,14626473
2020-03-02,23.328876495361328,30.882783889770508,31.785228729248047,30.358781814575195,31.606403350830078,9081850
2020-03-03,23.039857864379883,30.500179290771484,31.739482879638672,30.304719924926758,31.240434646606445,10495161
2020-03-04,23.643024444580078,31.298656463623047,31.35687828063965,30.300559997558594,30.63741683959961,7911854
2020-03-05,22.741413116455078,30.105098724365234,31.423419952392578,30.00528907775879,31.37351417541504,7427867
2020-03-06,21.90262794494629,28.99471664428711,29.660114288330078,28.3459529876709,29.327415466308594,12228943
2020-03-09,18.959030151367188,25.097978591918945,26.79474449157715,24.99401092529297,26.782268524169922,18649227
2020-03-10,19.27318000793457,25.513853073120117,27.327062606811523,25.08550262451172,25.713472366333008,14755257
2020-03-11,19.430255889892578,25.721790313720703,26.90703010559082,25.351661682128906,26.008743286132812,10554718
2020-03-12,15.767251968383789,20.87270164489746,24.65715217590332,20.8643856048584,24.43674087524414,24436875
2020-03-13,16.115962982177734,21.334321975708008,24.212167739868164,20.78120994567871,22.082895278930664,24212379
2020-03-16,14.4006929397583,19.063650131225586,20.248891830444336,18.444000244140625,19.961938858032227,17741977
2020-03-17,15.29916763305664,20.253049850463867,20.71051025390625,17.882570266723633,20.00352668762207,16269640
2020-03-18,13.872920989990234,18.3649845123291,19.849653244018555,17.820188522338867,19.28406524658203,12449752
2020-03-19,13.722127914428711,18.165363311767578,19.225841522216797,17.47917366027832,18.298444747924805,13842283
2020-03-20,14.246760368347168,18.859872817993164,19.903715133666992,18.839080810546875,19.130191802978516,20035159
2020-03-23,14.454099655151367,19.134349822998047,19.541906356811523,17.85761833190918,18.0613956451416,14638267
2020-03-24,18.396697998046875,24.353565216064453,24.353565216064453,20.38197135925293,20.54416275024414,16260714
2020-03-25,18.701427459716797,24.7569637298584,26.532743453979492,23.55508804321289,25.326709747314453,18199555
2020-03-26,18.58833122253418,24.607248306274414,24.607248306274414,23.01445198059082,24.045818328857422,13358554
2020-03-27,17.08983039855957,22.623531341552734,24.23712158203125,22.436386108398438,23.89610481262207,10618328
2020-03-30,17.09296989440918,22.627689361572266,23.10178565979004,21.850004196166992,22.72749900817871,7997146
2020-03-31,17.2908878326416,22.889690399169922,23.93353271484375,22.178546905517578,22.90632438659668,8429481
2020-04-01,16.037424087524414,21.23035430908203,22.13279914855957,21.23035430908203,22.04130744934082,7825365
2020-04-02,15.817516326904297,20.939241409301758,22.116165161132812,20.223939895629883,21.417497634887695,9921058
2020-04-03,15.405978202819824,20.394447326660156,21.08479881286621,20.211463928222656,20.918447494506836,6968859
2020-04-06,17.18093490600586,22.7441349029541,22.7441349029541,21.41333770751953,21.583845138549805,8107113
2020-04-07,17.680435180664062,23.405372619628906,24.76527976989746,22.444704055786133,24.11235809326172,10192549
2020-04-08,17.671010971069336,23.39289665222168,23.804611206054688,22.573625564575195,23.24734115600586,6569412
2020-04-09,18.74854850769043,24.81934356689453,24.835979461669922,23.459436416625977,24.120676040649414,10697452
2020-04-14,18.472095489501953,24.4533748626709,25.721790313720703,24.424264907836914,25.655250549316406,6978347
2020-04-15,17.353715896606445,22.972864151000977,24.56566047668457,22.898006439208984,24.56566047668457,7779054
2020-04-16,17.3976993560791,23.03108787536621,23.9668025970459,22.70670509338379,23.525976181030273,6308863
2020-04-17,18.245906829833984,24.153945922851562,24.644676208496094,23.546770095825195,23.821247100830078,10118608
2020-04-20,18.01657485961914,23.850357055664062,24.607248306274414,23.039403915405273,24.573978424072266,7918320
2020-04-21,17.23434066772461,22.81483268737793,23.376262664794922,22.644323348999023,23.372102737426758,7198188
2020-04-22,17.498226165771484,23.164165496826172,23.21407127380371,22.769086837768555,23.110103607177734,4837077
2020-04-23,18.054275512695312,23.9002628326416,24.16642189025879,23.056039810180664,23.35546875,6004027
2020-04-24,17.316020965576172,22.92296028137207,23.9002628326416,22.860578536987305,23.4136905670166,6514340
2020-04-27,18.421831130981445,24.3868350982666,24.3868350982666,23.563404083251953,23.704801559448242,5891797
2020-04-28,19.10668182373047,25.293439865112305,25.767536163330078,24.36188316345215,24.47416877746582,8683937
2020-04-29,20.382137298583984,26.981887817382812,27.006839752197266,25.035598754882812,25.605344772338867,8450763
2020-04-30,19.81352424621582,26.229156494140625,27.813634872436523,25.900615692138672,27.227252960205078,10580592
2020-05-04,18.622886657714844,24.65299415588379,25.210264205932617,24.04166030883789,25.035598754882812,9100726
2020-05-05,19.317163467407227,25.57207489013672,26.000425338745117,25.135408401489258,25.343345642089844,7872577
2020-05-06,18.789390563964844,24.8734073638916,25.621980667114258,24.8734073638916,25.57207489013672,5996377
2020-05-07,18.908767700195312,25.03144073486328,25.505535125732422,24.90251922607422,25.039756774902344,5548954
2020-05-08,19.888917922973633,26.32896614074707,26.32896614074707,25.081344604492188,25.351661682128906,5645279
2020-05-11,19.452247619628906,25.750900268554688,26.690776824951172,25.547122955322266,26.424617767333984,5237633
2020-05-12,19.222917556762695,25.44731330871582,26.037853240966797,25.44315528869629,25.472265243530273,3918265
2020-05-13,17.982019424438477,23.804611206054688,25.081344604492188,23.79213523864746,25.035598754882812,7068142
2020-05-14,17.350576400756836,22.968706130981445,23.596675872802734,21.870798110961914,23.438642501831055,11696290
2020-05-15,17.595613479614258,23.293087005615234,23.908580780029297,22.8106746673584,23.330516815185547,7111325
2020-05-18,19.59047508239746,25.93388557434082,25.979631423950195,23.796295166015625,23.804611206054688,8870910
2020-05-19,19.480520248413086,25.788330078125,26.51194953918457,25.081344604492188,26.283218383789062,8388974
2020-05-20,20.111967086791992,26.624235153198242,26.807220458984375,25.018962860107422,25.804964065551758,7726392
2020-05-21,19.756975173950195,26.154298782348633,26.832172393798828,25.975473403930664,26.31648826599121,5300838
2020-05-22,19.691003799438477,26.066965103149414,26.844648361206055,25.322551727294922,25.476423263549805,6863960
2020-05-25,20.027143478393555,26.51194953918457,26.51194953918457,25.80912208557129,26.449569702148438,3677630
2020-05-26,20.520362854003906,27.164871215820312,27.239728927612305,26.59928321838379,26.865442276000977,5861078
2020-05-27,22.336158752441406,29.568622589111328,29.905479431152344,27.231412887573242,27.322904586791992,14275247
2020-05-28,22.022005081176758,29.152748107910156,30.304719924926758,28.67449378967285,30.192432403564453,8377335
2020-05-29,20.972740173339844,27.763729095458984,28.686969757080078,27.763729095458984,28.499826431274414,15373255
2020-06-02,22.593759536743164,29.909637451171875,30.591670989990234,28.99887466430664,29.111160278320312,12494951
2020-06-03,23.834657669067383,31.552339553833008,31.598085403442383,30.063512802124023,30.533449172973633,9798008
2020-06-04,23.247196197509766,30.774656295776367,31.19053077697754,29.44801902770996,29.984495162963867,9932286
2020-06-05,25.022151947021484,33.12434387207031,33.18256378173828,31.165576934814453,31.240434646606445,12036934
2020-06-08,25.198076248168945,33.35723114013672,34.50920104980469,32.40488052368164,32.52964401245117,9245022
2020-06-09,24.481809616088867,32.40903854370117,33.515262603759766,31.344402313232422,33.311485290527344,9873436
2020-06-10,24.37813949584961,32.27180099487305,33.30316925048828,31.514911651611328,32.920562744140625,7435652
2020-06-11,22.188507080078125,29.37316131591797,31.298656463623047,29.37316131591797,30.69148063659668,11823022
2020-06-12,22.631460189819336,29.959543228149414,31.119831085205078,29.14443016052246,29.37316131591797,10247112
2020-06-15,22.414695739746094,29.672590255737305,29.905479431152344,28.524778366088867,28.840843200683594,7047660
2020-06-16,23.253477096557617,30.78297233581543,31.552339553833008,30.051036834716797,31.207164764404297,9042642
2020-06-17,23.25033950805664,30.7788143157959,31.406784057617188,30.142528533935547,30.849512100219727,8553003
2020-06-18,23.077552795410156,30.55008316040039,31.24875259399414,30.105098724365234,30.774656295776367,7705463
2020-06-19,23.096403121948242,30.575035095214844,31.161418914794922,30.49186134338379,31.003385543823242,12050712
2020-06-22,23.064987182617188,30.533449172973633,30.7788143157959,29.734970092773438,30.1092586517334,5155905
2020-06-23,23.300601959228516,30.845354080200195,31.51906967163086,30.238178253173828,30.770496368408203,6796963
2020-06-24,21.893203735351562,28.982240676879883,30.87030792236328,28.878271102905273,30.774656295776367,8168944
2020-06-25,22.515222549438477,29.8056697845459,30.11757469177246,28.641223907470703,28.90322494506836,6455162
2020-06-26,21.99687385559082,29.119478225708008,30.462751388549805,28.95728874206543,30.379575729370117,4823917
2020-06-29,22.562347412109375,29.868051528930664,30.209068298339844,29.065414428710938,29.065414428710938,6242603
2020-06-30,22.709997177124023,30.063512802124023,30.317195892333984,29.423065185546875,30.192432403564453,4908588
2020-07-01,22.405269622802734,29.660114288330078,30.084304809570312,29.127796173095703,30.084304809570312,4648924
2020-07-02,23.350868225097656,30.911893844604492,31.35687828063965,29.84309959411621,30.00944709777832,6432417
2020-07-03,23.036712646484375,30.49601936340332,31.3818302154541,30.333829879760742,31.19053077697754,3418845
2020-07-06,23.75926399230957,31.452529907226562,31.939102172851562,31.065767288208008,31.489959716796875,4515714
2020-07-07,23.646169662475586,31.302814483642578,31.872562408447266,30.90357780456543,31.298656463623047,4076492
2020-07-08,23.366573333740234,30.932687759399414,31.697895050048828,30.828718185424805,31.19053077697754,5718621
2020-07-09,23.3937931060791,30.067670822143555,31.044973373413086,30.00528907775879,30.828718185424805,4013637
2020-07-10,23.73353385925293,30.504337310791016,30.63741683959961,29.3773193359375,29.418907165527344,4842496
2020-07-13,24.131521224975586,31.0158634185791,31.3818302154541,30.54592514038086,31.148942947387695,3527896
2020-07-14,23.940614700317383,30.770496368408203,30.87030792236328,30.358781814575195,30.47522735595703,3479791
2020-07-15,24.39037322998047,31.348562240600586,31.606403350830078,30.791290283203125,31.007545471191406,4541513
2020-07-16,24.377429962158203,31.331926345825195,31.647991180419922,30.90773582458496,31.252910614013672,3967443
2020-07-17,25.45490074157715,32.7167854309082,33.17840576171875,32.34666061401367,32.60449981689453,8121118
2020-07-20,25.16693115234375,32.34666061401367,32.60865783691406,31.847610473632812,32.60449981689453,4038023
2020-07-21,25.542266845703125,32.829071044921875,33.36970901489258,32.57954788208008,32.862342834472656,5415184
2020-07-22,25.341657638549805,32.571231842041016,32.920562744140625,32.171993255615234,32.733421325683594,4148213
2020-07-23,26.422367095947266,33.96025085449219,34.75040817260742,33.2698974609375,33.2698974609375,8814796
2020-07-24,25.852888107299805,33.228309631347656,33.802215576171875,33.11186599731445,33.27821731567383,4339681
2020-07-27,25.930545806884766,33.328121185302734,33.69824981689453,33.116024017333984,33.46951675415039,3089948
2020-07-28,25.77199935913086,33.12434387207031,33.527740478515625,32.72926330566406,33.34475326538086,4205789
2020-07-29,25.81729507446289,33.18256378173828,33.30732727050781,32.662723541259766,33.240787506103516,3676900
2020-07-30,24.979263305664062,32.10545349121094,33.207515716552734,31.51906967163086,33.17840576171875,6798579
2020-07-31,24.20270538330078,31.10735511779785,32.40072250366211,31.10735511779785,32.147037506103516,5056579
2020-08-03,25.27694320678711,32.48805618286133,32.67519760131836,31.148942947387695,31.207164764404297,5391213
2020-08-04,25.985549926757812,33.39881896972656,33.59428024291992,32.87065887451172,33.10354995727539,4250561
2020-08-05,26.409423828125,33.9436149597168,34.288787841796875,33.49031066894531,33.64834213256836,4305103
2020-08-06,26.27999496459961,33.77726364135742,34.317901611328125,33.30316925048828,33.85211944580078,3829846
2020-08-07,26.27352523803711,33.76894760131836,33.814693450927734,33.12434387207031,33.714881896972656,2738346
2020-08-10,26.45148468017578,33.997676849365234,34.213932037353516,33.46535873413086,34.03510665893555,2378791
2020-08-11,27.370410919189453,35.17876052856445,35.43244171142578,34.322059631347656,34.322059631347656,6751343
2020-08-12,27.580730438232422,35.44907760620117,36.09783935546875,34.99577331542969,35.0997428894043,4489728
2020-08-13,27.38011932373047,35.19123458862305,35.82752227783203,35.13717269897461,35.30767822265625,3202723
2020-08-14,27.350996017456055,35.153804779052734,35.25361633300781,34.55078887939453,35.16212463378906,3206637
2020-08-17,27.396297454833984,35.21202850341797,35.39085388183594,34.696346282958984,35.01656723022461,2023020
2020-08-18,27.31864356994629,35.112220764160156,35.72355270385742,34.76704406738281,34.93755340576172,3879006
2020-08-19,27.77486801147461,35.69860076904297,35.69860076904297,34.92091751098633,35.091426849365234,3161845
2020-08-20,27.156858444213867,34.90428161621094,35.278568267822266,34.6131706237793,34.99993133544922,4027348
2020-08-21,26.619739532470703,34.213932037353516,35.30767822265625,33.723201751708984,35.045677185058594,5343143
2020-08-24,27.69074058532715,35.59047317504883,35.63206100463867,34.56742477416992,34.56742477416992,4014473
2020-08-25,27.393062591552734,35.20787048339844,35.91485595703125,35.12053680419922,35.72355270385742,3605914
2020-08-26,27.846054077148438,35.79009246826172,35.80257034301758,34.99993133544922,35.20787048339844,2816466
2020-08-27,27.82663917541504,35.765140533447266,36.418060302734375,35.70691680908203,35.86494827270508,3866228
2020-08-28,27.748985290527344,35.66533279418945,36.15190124511719,35.46571350097656,36.04377746582031,3527202
2020-08-31,27.596906661987305,35.469871520996094,36.126949310302734,35.382537841796875,35.765140533447266,4001433
2020-09-01,27.61631965637207,35.49482345581055,35.95228576660156,34.74209213256836,35.765140533447266,3906351
2020-09-02,27.87841033935547,35.83168029785156,36.0728874206543,35.4532356262207,35.61542510986328,4085780
2020-09-03,28.04666519165039,36.047935485839844,36.85472869873047,35.565521240234375,36.01466369628906,5521259
2020-09-04,28.13726234436035,36.16437911987305,36.59272766113281,35.569679260253906,35.83168029785156,4608689
2020-09-07,29.185617446899414,37.511810302734375,37.81123733520508,36.430538177490234,36.534507751464844,5535746
2020-09-08,29.49300193786621,37.906890869140625,38.06492233276367,37.1624755859375,37.67399978637695,5028187
2020-09-09,30.02041244506836,38.58476638793945,38.75943374633789,37.42863464355469,37.74885940551758,6241044
2020-09-10,30.101306915283203,38.6887321472168,39.0422248840332,38.28117752075195,38.34355926513672,5342798
2020-09-11,30.12071990966797,38.71368408203125,38.988162994384766,38.40177917480469,38.47663879394531,4393928
2020-09-14,29.87804412841797,38.40177917480469,39.21689224243164,38.1356201171875,39.14619445800781,3509867
2020-09-15,29.768033981323242,38.26038360595703,38.788543701171875,38.03581237792969,38.559810638427734,3009799
2020-09-16,29.955703735351562,38.501590728759766,38.50990676879883,38.05660629272461,38.301971435546875,3529469
2020-09-17,30.026887893676758,38.593082427978516,38.776065826416016,37.515968322753906,37.65320587158203,3397845
2020-09-18,29.4315242767334,37.82787322998047,38.56813049316406,37.82787322998047,38.439208984375,9651601
2020-09-21,28.140499114990234,36.16853713989258,37.515968322753906,35.835838317871094,37.511810302734375,6862417
2020-09-22,28.299041748046875,36.372314453125,36.82146072387695,36.147743225097656,36.247554779052734,3847402
2020-09-23,28.66143798828125,36.838096618652344,37.57003402709961,36.463809967041016,36.81730270385742,4037118
2020-09-24,28.787630081176758,37.00028610229492,37.478538513183594,36.09783935546875,36.2558708190918,4108358
2020-09-25,28.593488693237305,36.75075912475586,37.3496208190918,36.1934928894043,37.03771209716797,3499040
2020-09-28,29.6871395111084,38.15641403198242,38.380985260009766,37.34130096435547,37.42863464355469,4827811
2020-09-29,29.567420959472656,38.002540588378906,38.08155822753906,37.52012634277344,37.8860969543457,2717708
2020-09-30,29.79068374633789,38.289493560791016,38.94657516479492,37.54092025756836,37.82787322998047,4949454
2020-10-01,30.250146865844727,38.880035400390625,39.46641540527344,38.501590728759766,39.092132568359375,5115105
2020-10-02,30.253379821777344,38.884193420410156,39.004798889160156,38.20631790161133,38.51406478881836,3478227
2020-10-05,30.95228385925293,39.7824821472168,40.00705337524414,39.370765686035156,39.37492370605469,4727135
2020-10-06,31.14642333984375,40.032005310058594,40.28152847290039,39.32501983642578,39.92387771606445,5294777
2020-10-07,31.767667770385742,40.830482482910156,41.01762771606445,39.674354553222656,39.961307525634766,5003822
2020-10-08,31.592945098876953,40.60591125488281,41.15902328491211,40.335594177246094,40.88038635253906,3734561
2020-10-09,31.17877960205078,40.07359313964844,40.901180267333984,39.940513610839844,40.68076705932617,3786496
2020-10-12,31.715898513793945,40.76394271850586,40.95524597167969,40.435401916503906,40.6890869140625,3919185
2020-10-13,31.6285343170166,40.65165710449219,40.884544372558594,40.323116302490234,40.75978469848633,3154118
2020-10-14,31.240257263183594,40.152610778808594,40.830482482910156,40.01121139526367,40.626705169677734,3245489
2020-10-15,30.30838966369629,38.954891204833984,39.41651153564453,38.15641403198242,39.39571762084961,5663919
2020-10-16,31.968280792236328,41.08832550048828,41.33369064331055,40.16508483886719,40.7556266784668,8921510
2020-10-19,31.586467742919922,40.597591400146484,41.312896728515625,40.156768798828125,41.01762771606445,3579178
2020-10-20,31.50234603881836,40.48946762084961,40.738990783691406,40.11518096923828,40.54768753051758,2921369
2020-10-21,31.04288101196289,39.89892578125,40.730674743652344,39.77416229248047,40.730674743652344,3885125
2020-10-22,31.000818252563477,39.84486389160156,40.248260498046875,38.75111389160156,39.42066955566406,4168759
2020-10-23,31.321149826049805,40.25657653808594,40.85127639770508,39.824066162109375,40.83879852294922,4365387
2020-10-26,31.03964614868164,39.89476776123047,40.722354888916016,39.57454299926758,39.857337951660156,4158894
2020-10-27,30.453990936279297,39.14203643798828,40.10270309448242,39.02143096923828,39.96962356567383,4769278
2020-10-28,28.6323184967041,36.80066680908203,37.93600082397461,36.49707794189453,37.73638153076172,8618670
2020-10-29,28.619373321533203,36.78403091430664,37.478538513183594,36.65926742553711,36.663429260253906,6074338
2020-10-30,28.732622146606445,36.929588317871094,37.2165412902832,35.86494827270508,36.09783935546875,5065743
2020-11-02,29.651552200317383,38.11066818237305,38.42673110961914,36.7965087890625,37.14168167114258,4899435
2020-11-03,30.54458999633789,39.258480072021484,39.55790710449219,38.518226623535156,38.593082427978516,5831319
2020-11-04,31.075237274169922,39.940513610839844,40.18587875366211,37.894412994384766,38.518226623535156,7047548
2020-11-05,31.977983474731445,41.100799560546875,41.18397521972656,40.18172073364258,40.39381408691406,6368329
2020-11-06,31.175546646118164,40.069435119628906,41.08832550048828,39.72010040283203,40.85127639770508,4811946
2020-11-09,32.80955123901367,42.16959762573242,43.08451843261719,40.626705169677734,40.90950012207031,10645357
2020-11-10,34.297950744628906,44.08261489868164,44.36540985107422,42.177913665771484,42.20286560058594,8873856
2020-11-11,34.291481018066406,44.07429885864258,44.45690155029297,43.40890121459961,43.425533294677734,4889605
2020-11-12,33.78024673461914,43.41721725463867,44.13251876831055,43.09283447265625,43.50039291381836,3996900
2020-11-13,33.97438430786133,43.66674041748047,43.86635971069336,43.03461456298828,43.12610626220703,3809625
2020-11-16,34.802711486816406,44.73137664794922,44.87277603149414,43.69169235229492,44.08261489868164,5403726
2020-11-17,35.294532775878906,45.36350631713867,45.36350631713867,44.31550598144531,44.6981086730957,4469566
2020-11-18,36.04520797729492,46.32833480834961,46.544586181640625,45.0141716003418,45.07239532470703,5577389
2020-11-19,35.637508392333984,45.8043327331543,46.486366271972656,45.76274490356445,46.161983489990234,4972964
2020-11-20,35.9287223815918,46.178619384765625,46.453094482421875,45.54648971557617,45.696205139160156,3836717
2020-11-23,36.239341735839844,46.577857971191406,47.28484344482422,46.24515914916992,46.43646240234375,5309820
2020-11-24,37.50124740600586,48.199764251708984,48.199764251708984,47.027000427246094,47.20166778564453,6230582
2020-11-25,37.151798248291016,47.7506217956543,48.38275146484375,47.168399810791016,48.324527740478516,4382945
2020-11-26,36.297584533691406,46.652713775634766,47.66744613647461,46.652713775634766,47.642494201660156,2904844
2020-11-27,36.621150970458984,47.06858825683594,47.276527404785156,46.47804641723633,46.99373245239258,4272640
2020-11-30,36.53055191040039,46.952144622802734,47.725669860839844,46.4614143371582,46.652713775634766,6484002
2020-12-01,37.23592758178711,47.85874938964844,47.85874938964844,47.28484344482422,47.40128707885742,3631730
2020-12-02,37.20357131958008,47.817161560058594,47.89201736450195,47.243255615234375,47.7506217956543,2975166
2020-12-03,36.737632751464844,47.21830368041992,47.88370132446289,47.08522415161133,47.8005256652832,3248055
2020-12-04,37.66950607299805,48.416019439697266,48.416019439697266,47.118492126464844,47.17671585083008,4602535
2020-12-07,37.33946990966797,47.99182891845703,48.4077033996582,47.459510803222656,48.08332061767578,2986533
2020-12-08,37.21003723144531,47.825477600097656,48.15817642211914,47.742305755615234,47.95024108886719,2600464
2020-12-09,37.222984313964844,47.84211349487305,48.607322692871094,47.84211349487305,47.96687698364258,3755374
2020-12-10,36.44643020629883,46.844017028808594,47.8670654296875,46.55290603637695,47.70071792602539,3510454
2020-12-11,35.92224884033203,46.1702995300293,47.14344787597656,46.053855895996094,46.760841369628906,4336351
2020-12-14,36.478782653808594,46.88560485839844,47.5010986328125,46.00395202636719,46.161983489990234,3706525
2020-12-15,37.52066421508789,48.22471618652344,48.27462387084961,46.88560485839844,46.99373245239258,3548371
2020-12-16,38.03189468383789,48.881797790527344,49.73018264770508,48.324527740478516,48.38275146484375,5732974
2020-12-17,37.883056640625,48.690494537353516,49.63868713378906,48.690494537353516,49.23944854736328,3609234
2020-12-18,37.967185974121094,48.798622131347656,49.281036376953125,48.36611557006836,48.62395477294922,11369619
2020-12-21,36.49172592163086,46.90224075317383,47.409603118896484,45.596397399902344,47.409603118896484,5216571
2020-12-22,36.65351104736328,47.11017608642578,47.88370132446289,46.952144622802734,47.16007995605469,2338352
2020-12-23,37.870113372802734,48.67386245727539,48.798622131347656,47.65913009643555,47.65913009643555,3255794
2020-12-28,37.95424270629883,48.78199005126953,49.84662628173828,48.64059066772461,49.45570373535156,2408904
2020-12-29,37.656558990478516,48.399383544921875,49.314308166503906,48.19144821166992,49.222816467285156,1819857
2020-12-30,37.397708892822266,48.06668472290039,48.62395477294922,48.000144958496094,48.24135208129883,1573574
2021-01-04,36.8217658996582,47.32643127441406,48.9067497253418,46.91055679321289,48.399383544921875,3411046
2021-01-05,36.81529235839844,47.318111419677734,48.06668472290039,46.70262145996094,46.92719268798828,3197549
2021-01-06,36.517608642578125,46.935508728027344,48.15817642211914,46.378238677978516,47.625858306884766,4720132
2021-01-07,37.397708892822266,48.06668472290039,48.53246307373047,47.30147933959961,47.52605056762695,4242888
2021-01-08,37.3329963684082,47.98351287841797,48.9067497253418,47.40128707885742,48.74040222167969,3767088
2021-01-11,36.983543395996094,47.534366607666016,47.90033721923828,46.860652923583984,47.65913009643555,3505621
2021-01-12,37.617733001708984,48.34947967529297,48.37443161010742,47.30147933959961,47.6175422668457,3762004
2021-01-13,37.03531265258789,47.60090637207031,48.33284378051758,47.368019104003906,48.13322448730469,3248270
2021-01-14,37.410648345947266,48.08332061767578,48.9067497253418,47.52605056762695,47.551002502441406,3576618
2021-01-15,36.407596588134766,46.79411315917969,47.916969299316406,46.303382873535156,47.534366607666016,4984440
2021-01-18,36.67292022705078,47.135128021240234,47.168399810791016,46.11207962036133,46.253475189208984,2509291
2021-01-19,35.98049545288086,46.24515914916992,47.37633514404297,46.12871551513672,47.35969924926758,4079222
2021-01-20,37.47536849975586,48.16649627685547,48.16649627685547,46.35328674316406,46.41982650756836,4588877
2021-01-21,38.206626892089844,49.10636901855469,49.50560760498047,48.36611557006836,48.36611557006836,5297545
2021-01-22,38.226036071777344,49.13132095336914,49.780086517333984,48.00846481323242,48.615638732910156,5545268
2021-01-25,37.17121124267578,47.77557373046875,50.02960968017578,47.30147933959961,49.4473876953125,5638051
2021-01-26,38.109554290771484,48.98160934448242,49.30598831176758,47.26820755004883,47.642494201660156,3747273
2021-01-27,37.048255920410156,47.6175422668457,48.9067497253418,46.9604606628418,48.86516189575195,5210223
2021-01-28,37.268287658691406,47.90033721923828,48.00846481323242,46.1702995300293,47.08522415161133,4641073
2021-01-29,37.611263275146484,48.341163635253906,48.973289489746094,47.14344787597656,47.318111419677734,6759841
2021-02-01,37.785987854003906,48.56573486328125,48.915069580078125,48.31621170043945,48.9067497253418,2798378
2021-02-02,38.36193084716797,49.30598831176758,50.087833404541016,48.9067497253418,48.989925384521484,4051668
2021-02-03,41.778785705566406,53.69761657714844,54.06358337402344,49.98802185058594,50.39558029174805,11768996
2021-02-04,42.64594268798828,54.812156677246094,55.02009582519531,53.572853088378906,53.963775634765625,8708660
2021-02-05,43.351314544677734,55.7187614440918,55.818572998046875,54.02199935913086,54.88701629638672,7242587
2021-02-08,42.96950912475586,55.228031158447266,56.093048095703125,54.94523620605469,55.727081298828125,3676520
2021-02-09,42.58123016357422,54.72898483276367,55.103267669677734,54.40460205078125,54.98682403564453,2645331
2021-02-10,42.12176513671875,54.13844299316406,55.244667053222656,53.556217193603516,54.98682403564453,3520241
2021-02-11,42.09587860107422,54.10517120361328,54.812156677246094,54.038631439208984,54.454505920410156,2635636
2021-02-12,41.843502044677734,53.780792236328125,54.038631439208984,53.33164596557617,53.689300537109375,2662184
2021-02-15,41.95998001098633,53.930503845214844,54.26320266723633,53.51463317871094,54.08021926879883,2109912
2021-02-16,42.06999969482422,54.071903228759766,54.66244125366211,53.81406021118164,53.89723587036133,2161188
2021-02-17,42.348262786865234,54.4295539855957,54.71234893798828,53.755836486816406,54.13844299316406,3993418
2021-02-18,43.28660583496094,55.635589599609375,56.22612762451172,54.77056884765625,55.602317810058594,5312667
2021-02-19,43.500152587890625,55.910064697265625,56.23444747924805,55.16980743408203,56.1429557800293,4013656
2021-02-22,43.22835922241211,55.56072998046875,55.702125549316406,54.91196823120117,55.48587417602539,2456148
2021-02-23,42.277076721191406,54.33806228637695,55.84352493286133,53.872283935546875,55.610633850097656,4210291
2021-02-24,42.60711669921875,54.76225280761719,55.16980743408203,54.33806228637695,54.39628219604492,3152312
2021-02-25,42.66535186767578,54.83710861206055,55.835208892822266,54.83710861206055,55.31120681762695,2699528
2021-02-26,42.8724365234375,55.103267669677734,55.48587417602539,54.038631439208984,54.1966667175293,4312311
2021-03-01,43.105403900146484,55.4026985168457,55.818572998046875,54.57926940917969,55.64390563964844,3268149
2021-03-02,44.17964553833008,56.78339767456055,57.099464416503906,55.25298309326172,55.31120681762695,4590781
2021-03-03,44.89795684814453,57.70663833618164,58.37203598022461,57.18263626098633,57.39057540893555,4398045
2021-03-04,45.67451477050781,58.704734802246094,59.08734130859375,57.274131774902344,57.42384338378906,5103476
2021-03-05,45.441551208496094,58.40530776977539,59.103973388671875,57.92289352416992,58.42194366455078,3820475
2021-03-08,46.9105339050293,60.293373107910156,60.684295654296875,58.887718200683594,59.05406951904297,5521466
2021-03-09,46.53519821166992,59.81095886230469,60.700931549072266,59.103973388671875,60.05216598510742,5141375
2021-03-10,47.007606506347656,60.41813659667969,60.41813659667969,59.212100982666016,59.711151123046875,4061957
2021-03-11,46.65168380737305,59.96067428588867,60.76747131347656,59.28696060180664,60.55121612548828,3355909
2021-03-12,45.765113830566406,58.8211784362793,58.85445022583008,58.164100646972656,58.338768005371094,7116120
2021-03-15,45.3509521484375,58.28886032104492,59.511531829833984,58.055973052978516,58.646514892578125,5023687
2021-03-16,46.11456298828125,59.27032470703125,59.56975173950195,58.38035583496094,58.388671875,5353445
2021-03-17,46.15986251831055,59.32854461669922,59.95235824584961,58.164100646972656,59.36181640625,5980056
2021-03-18,48.101261138916016,61.823787689208984,61.823787689208984,59.85254669189453,59.88581848144531,10132093
2021-03-19,47.745338439941406,61.366329193115234,61.715660095214844,60.61775588989258,60.80073928833008,11213761
2021-03-22,47.99124526977539,61.68239212036133,62.0982666015625,60.50130844116211,60.87559509277344,3262039
2021-03-23,46.988189697265625,60.393184661865234,61.29978942871094,59.73610305786133,61.22492980957031,4903824
2021-03-24,46.36695098876953,59.59470748901367,59.877498626708984,58.995845794677734,59.802642822265625,5087933
2021-03-25,46.91700744628906,60.30168914794922,60.393184661865234,59.03743362426758,59.137245178222656,4110168
2021-03-26,47.41529846191406,60.942134857177734,61.11680221557617,60.393184661865234,60.71756362915039,3764427
2021-03-29,47.70003890991211,61.30810546875,61.565948486328125,60.55121612548828,61.1251220703125,3271288
2021-03-30,49.14313888549805,63.16290283203125,63.16290283203125,61.64912033081055,61.79883575439453,4971367
2021-03-31,49.188438415527344,63.221126556396484,63.44569778442383,62.905059814453125,63.06309127807617,5496840
2021-04-01,49.818668365478516,62.66385269165039,62.921695709228516,61.79883575439453,62.38106155395508,3848462
2021-04-06,49.91123962402344,62.780296325683594,63.91979217529297,62.722076416015625,63.478965759277344,3178288
2021-04-07,49.99720764160156,62.888427734375,63.74512481689453,62.722076416015625,62.87179183959961,3250076
2021-04-08,49.07145309448242,61.72397994995117,63.75344467163086,60.975406646728516,63.620361328125,4869807
2021-04-09,49.534332275390625,62.30620193481445,62.796932220458984,61.840423583984375,61.965187072753906,3542684
2021-04-12,50.235260009765625,63.1878547668457,63.994651794433594,62.44759750366211,62.44759750366211,4384526
2021-04-13,50.023658752441406,62.921695709228516,64.03623962402344,62.921695709228516,63.711856842041016,3228301
2021-04-14,49.864952087402344,62.722076416015625,63.121315002441406,62.339473724365234,63.0048713684082,2899395
2021-04-15,49.83189392089844,62.68048858642578,63.11299514770508,62.47255325317383,62.87179183959961,2952164
2021-04-16,51.174232482910156,64.36893463134766,64.84303283691406,63.82830047607422,64.00296783447266,6387041
2021-04-19,50.22864532470703,63.17953872680664,64.86798858642578,62.97991943359375,64.834716796875,3900859
2021-04-20,48.727603912353516,61.29146957397461,64.2275390625,61.1916618347168,63.47064971923828,5086949
2021-04-21,48.648258209228516,61.1916618347168,61.89864730834961,59.96067428588867,61.474456787109375,4196339
2021-04-22,48.7871208190918,61.366329193115234,62.048362731933594,60.73419952392578,61.57426452636719,2620658
2021-04-23,48.734214782714844,61.29978942871094,62.505821228027344,60.42645263671875,62.0982666015625,3346698
2021-04-26,49.38885498046875,62.12321853637695,62.15648651123047,60.72588348388672,61.81547164916992,3126765
2021-04-27,49.33595657348633,62.056678771972656,62.25629806518555,61.441184997558594,62.139854431152344,2848591
2021-04-28,49.70625686645508,62.522457122802734,62.830204010009766,62.114898681640625,62.48918533325195,2291550
2021-04-29,48.727603912353516,61.29146957397461,62.58068084716797,60.592803955078125,62.539093017578125,4471508
2021-04-30,48.96565628051758,61.59090042114258,62.10658264160156,61.03363037109375,61.23324966430664,3190805
2021-05-03,49.203704833984375,61.89032745361328,62.430965423583984,61.549312591552734,61.79883575439453,1924216
2021-05-04,47.881202697753906,60.22683334350586,62.38106155395508,60.13534164428711,61.97350311279297,3812963
2021-05-05,47.682830810546875,59.97731018066406,60.168609619140625,58.30549621582031,58.704734802246094,7753312
2021-05-06,48.09941482543945,60.50130844116211,60.69261169433594,59.35350036621094,60.592803955078125,3901662
2021-05-07,48.54245376586914,61.0585823059082,61.158390045166016,59.96067428588867,60.867279052734375,4426854
2021-05-10,48.77389144897461,61.349693298339844,61.48277282714844,61.01699447631836,61.266517639160156,3149611
2021-05-11,47.84813690185547,60.185245513916016,60.80073928833008,59.46994400024414,60.592803955078125,3944906
2021-05-12,48.24488830566406,60.684295654296875,60.90886688232422,59.56975173950195,60.018898010253906,3031059
2021-05-13,47.78862762451172,60.110389709472656,60.484676361083984,58.255592346191406,59.97731018066406,3398568
2021-05-14,48.89952850341797,61.50772476196289,61.6075325012207,59.727783203125,60.567848205566406,2976788
2021-05-17,49.14419174194336,61.81547164916992,62.139854431152344,61.175025939941406,61.59090042114258,1805798
2021-05-18,49.45498275756836,62.20639419555664,62.87179183959961,61.63248825073242,62.19807434082031,2840478
2021-05-19,47.91426467895508,60.2684211730957,61.5576286315918,59.786006927490234,61.54099655151367,3370417
2021-05-20,49.68642044067383,62.49750518798828,62.49750518798828,60.759151458740234,60.89223098754883,4009132
2021-05-21,49.944305419921875,62.82188415527344,63.26271057128906,62.71376037597656,62.722076416015625,3472403
2021-05-25,50.67829513549805,63.74512481689453,64.06950378417969,63.25439453125,63.46232986450195,3455045
2021-05-26,51.27341842651367,64.49369812011719,64.60182189941406,63.404109954833984,64.06950378417969,2908400
2021-05-27,51.491634368896484,64.76817321777344,65.22563934326172,63.312618255615234,64.29408264160156,5962306
2021-05-28,50.67829513549805,63.74512481689453,64.90125274658203,63.35420227050781,64.87630462646484,3067572
2021-05-31,50.36750411987305,63.35420227050781,63.91979217529297,63.25439453125,63.678585052490234,1478106
2021-06-01,51.65694808959961,64.97611236572266,65.22563934326172,64.01128387451172,64.02792358398438,2922270
2021-06-02,52.06031036376953,65.48347473144531,65.566650390625,64.7764892578125,65.09255981445312,2311774
2021-06-03,52.867034912109375,66.49820709228516,66.7227783203125,65.32544708251953,65.70804595947266,3301122
2021-06-04,52.595924377441406,66.15719604492188,66.781005859375,65.68309783935547,66.49820709228516,2102502
2021-06-07,52.99267578125,66.65624237060547,66.88081359863281,65.95757293701172,66.0407485961914,2124393
2021-06-08,52.232234954833984,65.6997299194336,66.61465454101562,65.07592010498047,66.5896987915039,2439652
2021-06-09,51.82887268066406,65.19236755371094,66.02411651611328,64.50201416015625,65.65814208984375,2375938
2021-06-10,51.69001007080078,65.0177001953125,65.89935302734375,64.50201416015625,65.28385925292969,2353825
2021-06-11,52.7215576171875,66.31522369384766,66.31522369384766,65.16741180419922,65.45021057128906,2133294
2021-06-14,52.18594741821289,65.64151000976562,66.68119049072266,65.64151000976562,66.4649429321289,2120560
2021-06-15,52.38432312011719,65.89103698730469,66.25700378417969,65.57496643066406,65.91598510742188,1970364
2021-06-16,52.26529312133789,65.74131774902344,66.39008331298828,64.41883850097656,66.10728454589844,3688010
2021-06-17,52.54302215576172,66.09065246582031,66.86418151855469,65.50011444091797,65.50011444091797,2867920
2021-06-18,50.969242095947266,64.11109161376953,66.33186340332031,63.83661651611328,65.89103698730469,6970919
2021-06-21,52.47689437866211,66.00747680664062,66.07402038574219,62.66385269165039,63.37915802001953,3436962
2021-06-22,52.457061767578125,65.98252868652344,66.09065246582031,65.21731567382812,66.09065246582031,2399406
2021-06-23,51.775970458984375,65.12582397460938,66.43998718261719,65.10919189453125,66.11560821533203,2109991
2021-06-24,52.13966369628906,65.58329010009766,66.15719604492188,65.23395538330078,65.55001831054688,2585061
2021-06-25,51.42550277709961,64.68499755859375,65.58329010009766,64.21090698242188,65.55833435058594,2531395
2021-06-28,50.22864532470703,63.17953872680664,64.74322509765625,62.98823547363281,64.21090698242188,2891713
2021-06-29,50.44024658203125,63.44569778442383,63.969696044921875,63.04645919799805,63.12963104248047,2056317
2021-06-30,49.79222106933594,62.630584716796875,63.495601654052734,61.88201141357422,63.212806701660156,3197163
2021-07-01,50.248477935791016,63.204490661621094,63.65363311767578,62.69712448120117,63.013187408447266,2198580
2021-07-02,50.40718460083008,63.404109954833984,63.91979217529297,63.212806701660156,63.34588623046875,2028429
2021-07-05,50.19558334350586,63.1379508972168,63.495601654052734,62.322837829589844,63.121315002441406,1690180
2021-07-06,48.211830139160156,60.64270782470703,63.16290283203125,60.40981674194336,63.16290283203125,3693164
2021-07-07,47.87459182739258,60.2185173034668,61.20829772949219,59.07902145385742,60.792423248291016,4490687
2021-07-08,46.770301818847656,58.829498291015625,59.727783203125,58.00606918334961,59.727783203125,4375992
2021-07-09,48.19860076904297,60.62607192993164,60.759151458740234,59.00416564941406,59.503211975097656,3932627
2021-07-12,48.44326400756836,60.93381881713867,61.624168395996094,59.25368881225586,60.4514045715332,3248098
2021-07-13,48.2779541015625,60.72588348388672,61.349693298339844,60.43477249145508,61.13343811035156,2395746
2021-07-14,48.601966857910156,61.13343811035156,61.66575622558594,60.476356506347656,60.80073928833008,1989477
2021-07-15,48.39036560058594,60.867279052734375,62.231346130371094,60.55121612548828,61.965187072753906,3016690
2021-07-16,47.4249382019043,59.65292739868164,61.432865142822266,59.503211975097656,61.432865142822266,2596183
2021-07-19,46.04292297363281,57.91457748413086,59.20378494262695,57.14105224609375,59.05406951904297,4067435
2021-07-20,46.3338737487793,58.28054428100586,58.72968673706055,57.50701904296875,58.222320556640625,3350883
2021-07-21,46.843040466308594,58.920989990234375,59.65292739868164,55.95165252685547,56.78339767456055,4678216
2021-07-22,47.200111389160156,59.37013244628906,60.4015007019043,59.37013244628906,59.51984786987305,2923648
2021-07-23,49.77238082885742,62.60563278198242,63.088043212890625,60.24346923828125,60.30168914794922,5627327
2021-07-26,49.89140701293945,62.75534439086914,62.85515594482422,61.22492980957031,62.139854431152344,2823587
2021-07-27,48.939205169677734,61.5576286315918,62.430965423583984,61.349693298339844,62.430965423583984,2845684
2021-07-28,48.972267150878906,61.59921646118164,62.139854431152344,61.3746452331543,61.732295989990234,1960085
2021-07-29,50.35428237915039,63.33757019042969,63.404109954833984,61.366329193115234,61.715660095214844,3186973
2021-07-30,49.778995513916016,62.613948822021484,62.89674377441406,61.90696334838867,62.597312927246094,3331215
2021-08-02,50.54604721069336,63.57877731323242,64.4105224609375,63.27103042602539,63.587093353271484,2728019
2021-08-03,50.08978271484375,63.0048713684082,63.786712646484375,62.48918533325195,63.62868118286133,2069037
2021-08-04,50.21541976928711,63.16290283203125,63.84493637084961,62.921695709228516,63.212806701660156,2209851
2021-08-05,49.864952087402344,62.722076416015625,63.14626693725586,62.00677490234375,62.888427734375,2020044
2021-08-06,50.274932861328125,63.23775863647461,64.05287170410156,62.37274169921875,62.63890075683594,2009769
2021-08-09,49.31612014770508,62.0317268371582,62.813568115234375,61.79051971435547,62.18975830078125,2253593
2021-08-10,49.223541259765625,61.915279388427734,62.15648651123047,61.52436065673828,61.79051971435547,1566928
2021-08-11,49.51449203491211,62.28125,62.522457122802734,61.432865142822266,61.95686721801758,2025237
2021-08-12,49.99720764160156,62.888427734375,63.17121887207031,62.131534576416016,62.36442565917969,2323510
2021-08-13,50.01704406738281,62.91337966918945,63.37915802001953,62.71376037597656,63.04645919799805,1598599
2021-08-16,49.097904205322266,61.75724792480469,62.422645568847656,61.51604080200195,62.239662170410156,2181997
2021-08-17,48.112640380859375,60.5179443359375,61.4245491027832,60.50130844116211,61.33305740356445,2568863
2021-08-18,47.48445129394531,59.727783203125,60.559532165527344,59.528167724609375,60.55121612548828,2943011
2021-08-19,46.036312103271484,57.90625762939453,58.59660720825195,57.748226165771484,58.055973052978516,3930087
2021-08-20,46.214847564697266,58.130828857421875,58.130828857421875,57.099464416503906,57.61514663696289,2710244
2021-08-23,46.20162582397461,58.11419677734375,59.46162414550781,58.11419677734375,59.320228576660156,2649217
2021-08-24,46.77690887451172,58.83781433105469,59.28696060180664,58.23064041137695,58.54670333862305,2442814
2021-08-25,47.0281867980957,59.15387725830078,59.46994400024414,58.5051155090332,58.754642486572266,2219826
2021-08-26,46.750465393066406,58.80454635620117,59.03743362426758,58.247276306152344,58.754642486572266,1839595
2021-08-27,47.087703704833984,59.228736877441406,59.38676834106445,58.57997512817383,58.904354095458984,1469640
2021-08-30,47.3455924987793,59.55311965942383,59.95235824584961,59.311912536621094,59.4283561706543,1655412
2021-08-31,47.226566314697266,59.403404235839844,60.3349609375,58.77959442138672,59.93572235107422,3451643
2021-09-01,46.9951286315918,59.1122932434082,60.11870574951172,58.89603805541992,60.05216598510742,1953107
2021-09-02,46.69756317138672,58.738006591796875,59.503211975097656,58.54670333862305,59.1122932434082,2276351
2021-09-03,46.400001525878906,58.36371994018555,59.09565734863281,58.11419677734375,58.812862396240234,2062360
2021-09-06,46.34709930419922,58.29718017578125,58.904354095458984,57.84803771972656,58.60492706298828,2398664
2021-09-07,46.53886413574219,58.538387298583984,59.029117584228516,58.29718017578125,58.4552116394043,2132096
2021-09-08,45.434574127197266,57.14936828613281,58.2722282409668,56.85825729370117,58.255592346191406,3945920
2021-09-09,45.295711517333984,56.974700927734375,57.43216323852539,56.26771545410156,56.6253662109375,3170969
2021-09-10,45.718910217285156,57.50701904296875,58.0892448425293,57.05787658691406,57.05787658691406,2724702
2021-09-13,47.411712646484375,59.63629150390625,59.84423065185547,57.88130569458008,57.88130569458008,4162981
2021-09-14,47.95393753051758,60.31832504272461,60.78410339355469,59.66956329345703,59.727783203125,3736886
2021-09-15,47.947330474853516,60.31000900268555,61.166709899902344,59.6612434387207,59.727783203125,3156383
2021-09-16,47.69605255126953,59.99394226074219,61.09185028076172,59.71946716308594,60.36823272705078,2955286
2021-09-17,47.1868896484375,59.35350036621094,60.80905532836914,59.045753479003906,60.592803955078125,7890973
2021-09-20,45.72552490234375,57.51533889770508,58.38035583496094,56.35089111328125,58.164100646972656,5583554
2021-09-21,45.824710845947266,57.640098571777344,58.46352767944336,57.34067153930664,57.84803771972656,3127718
2021-09-22,47.563804626464844,59.82759475708008,59.86918258666992,57.98943328857422,58.0892448425293,3347861
2021-09-23,48.284568786621094,60.73419952392578,61.258201599121094,60.06048583984375,60.30168914794922,3250192
2021-09-24,49.117740631103516,61.78219985961914,61.948551177978516,59.910770416259766,60.63439178466797,3152656
2021-09-27,50.12284469604492,63.04645919799805,63.41242599487305,62.223026275634766,62.38106155395508,4125421
2021-09-28,50.40718460083008,63.404109954833984,64.95115661621094,62.83852005004883,63.029823303222656,6220865
2021-09-29,51.18083953857422,64.37725067138672,64.74322509765625,63.48728561401367,63.878204345703125,2698406
2021-09-30,50.731197357177734,63.81166458129883,64.85966491699219,63.81166458129883,64.62677764892578,3510584
2021-10-01,51.161006927490234,64.35230255126953,64.82640075683594,62.056678771972656,62.846839904785156,4364989
2021-10-04,50.92295837402344,64.05287170410156,64.6434097290039,63.14626693725586,64.0445556640625,3119630
2021-10-05,51.0419807434082,64.20258331298828,64.3606185913086,63.295982360839844,64.23585510253906,2591501
2021-10-06,49.97075653076172,62.85515594482422,63.803348541259766,62.430965423583984,63.5039176940918,4142643
2021-10-07,52.000797271728516,65.40862274169922,65.60823822021484,63.53718948364258,63.70353698730469,4517811
2021-10-08,53.34975051879883,67.10538482666016,67.512939453125,66.21541595458984,66.24868774414062,5255271
2021-10-11,54.883853912353516,69.03504180908203,69.13484954833984,66.3568115234375,66.78932189941406,4688160
2021-10-12,54.42759323120117,68.46113586425781,68.96849822998047,67.61274719238281,67.8040542602539,3397974
2021-10-13,53.93165588378906,67.83732604980469,68.98513793945312,67.58779907226562,68.36964416503906,3272879
2021-10-14,55.02933120727539,69.21802520751953,69.25129699707031,68.00366973876953,68.41954803466797,3875226
2021-10-15,55.31366729736328,69.57567596435547,69.85846710205078,69.10989379882812,69.2263412475586,3223187
2021-10-18,54.18954086303711,68.16170501708984,69.6422119140625,67.74583435058594,69.39269256591797,3159249
2021-10-19,54.46726608276367,68.51103973388672,69.00177001953125,68.04525756835938,68.60253143310547,2164070
2021-10-20,54.18954086303711,68.16170501708984,68.9102783203125,66.9639892578125,68.29478454589844,3012913
2021-10-21,54.044063568115234,67.97872161865234,68.727294921875,67.08043670654297,67.26342010498047,2341119
2021-10-22,54.29534149169922,68.29478454589844,68.9601821899414,67.77078247070312,68.09516143798828,2162956
2021-10-25,54.811119079589844,68.94355010986328,69.71707153320312,68.13674926757812,68.24488067626953,3560301
2021-10-26,54.94997787475586,69.11821746826172,69.86679077148438,68.8603744506836,69.4093246459961,2595040
2021-10-27,55.26737976074219,69.5174560546875,69.94995880126953,68.3031005859375,68.74392700195312,2858244
2021-10-28,55.44591522216797,69.74202728271484,69.74202728271484,68.6191635131836,68.8021469116211,2372841
2021-10-29,56.6956787109375,71.31402587890625,71.38888549804688,68.78551483154297,69.23465728759766,5260178
2021-11-01,57.51563262939453,72.34539031982422,72.83612823486328,71.36392974853516,71.53028106689453,2778156
2021-11-02,57.588375091552734,72.4368896484375,72.58660125732422,71.26412200927734,72.11250305175781,2883037
2021-11-03,57.548702239990234,72.3869857788086,72.63650512695312,71.42215728759766,71.94615173339844,2530050
2021-11-04,57.52885818481445,72.36203002929688,73.39339447021484,69.45091247558594,72.54501342773438,5210652
2021-11-05,57.91899490356445,72.8527603149414,73.24368286132812,71.74653625488281,71.8297119140625,3141992
2021-11-08,57.68094253540039,72.55332946777344,72.92761993408203,72.0126953125,72.5117416381836,1759762
2021-11-09,57.806583404541016,72.71136474609375,73.4100341796875,72.42024993896484,72.4867935180664,2130057
2021-11-10,58.2496223449707,73.26863098144531,73.52647399902344,72.0625991821289,72.76958465576172,3088772
2021-11-11,57.76690673828125,72.66146087646484,73.73441314697266,72.54501342773438,73.11060333251953,3433829
2021-11-12,58.11737060546875,73.10228729248047,73.24368286132812,72.45352172851562,72.83612823486328,2291844
2021-11-15,58.738948822021484,73.88412475585938,74.20018768310547,72.90266418457031,73.00247192382812,2203615
2021-11-16,58.99021911621094,74.20018768310547,74.70755767822266,73.6429214477539,74.20018768310547,2856047
2021-11-17,59.12908172607422,74.3748550415039,74.76577758789062,73.85086059570312,74.29167938232422,2439189
2021-11-18,60.10773468017578,75.60584259033203,76.21302032470703,74.58279418945312,74.77409362792969,3773730
2021-11-19,59.373741149902344,74.68260192871094,76.0383529663086,74.07543182373047,75.68901824951172,5416901
2021-11-22,60.15402603149414,75.66407012939453,76.07162475585938,74.52457427978516,74.60774993896484,3033320
2021-11-23,59.539066314697266,74.89054107666016,75.8553695678711,74.55784606933594,74.85726928710938,2865450
2021-11-24,58.434776306152344,73.50152587890625,75.07352447509766,72.8527603149414,74.96540069580078,3682508
2021-11-25,58.44138717651367,73.50984191894531,74.1918716430664,73.0357437133789,74.0088882446289,1530625
2021-11-26,54.98965835571289,69.16812133789062,71.18094635009766,68.4112319946289,70.69853210449219,7674920
2021-11-29,54.75160598754883,68.86869049072266,70.32424926757812,68.4944076538086,70.09136199951172,4625902
2021-11-30,54.883853912353516,69.03504180908203,69.74202728271484,66.89744567871094,67.9870376586914,7133155
2021-12-01,57.25774383544922,72.02101135253906,72.39530181884766,69.39269256591797,70.10799407958984,5023572
2021-12-02,56.940345764160156,71.62177276611328,72.63650512695312,70.78170776367188,71.0894546508789,4551161
2021-12-03,56.62294006347656,71.2225341796875,72.58660125732422,70.63199615478516,72.3287582397461,4076334
2021-12-06,56.51714324951172,71.0894546508789,72.32044219970703,70.37415313720703,72.03765106201172,3377348
2021-12-07,57.40321731567383,72.20399475097656,72.8028564453125,71.81307220458984,72.26222229003906,4490188
2021-12-08,56.74858474731445,71.38056945800781,72.29548645019531,70.05809020996094,72.20399475097656,3998665
2021-12-09,56.986629486083984,71.67999267578125,72.74463653564453,70.86488342285156,71.57186889648438,4156361
2021-12-10,59.02981948852539,74.25,75.30999755859375,71.01000213623047,73.19999694824219,7213204
2021-12-13,58.83106994628906,74.0,76.11000061035156,73.98999786376953,74.72000122070312,4680761
2021-12-14,56.81968307495117,71.47000122070312,73.73999786376953,71.47000122070312,73.0,4265644
2021-12-15,56.54143142700195,71.12000274658203,72.4000015258789,71.08999633789062,71.80999755859375,2931838
2021-12-16,57.034332275390625,71.73999786376953,72.95999908447266,71.0199966430664,72.5199966430664,3421998
2021-12-17,54.65724182128906,68.75,70.6500015258789,68.54000091552734,70.38999938964844,7737176
2021-12-20,53.50447082519531,67.30000305175781,67.81999969482422,66.4800033569336,66.69999694824219,4786790
2021-12-21,54.55389404296875,68.62000274658203,68.80000305175781,67.29000091552734,68.19999694824219,2264407
2021-12-22,55.40456008911133,69.69000244140625,69.69000244140625,68.16000366210938,68.69999694824219,1839788
2021-12-23,55.72256088256836,70.08999633789062,70.52999877929688,69.94000244140625,70.20999908447266,1620249
2021-12-27,55.56355667114258,69.88999938964844,70.18000030517578,69.5,69.87999725341797,1243078
2021-12-28,55.333003997802734,69.5999984741211,70.54000091552734,69.48999786376953,69.93000030517578,1494742
2021-12-29,54.243839263916016,68.2300033569336,69.75,68.18000030517578,69.5999984741211,2470115
2021-12-30,53.735023498535156,67.58999633789062,68.58999633789062,67.58999633789062,68.23999786376953,2237979
2022-01-03,54.617488861083984,68.69999694824219,69.19000244140625,67.88999938964844,68.5,2654611
2022-01-04,57.3284912109375,72.11000061035156,72.62999725341797,69.41000366210938,69.4800033569336,4936145
2022-01-05,59.626075744628906,75.0,75.05000305175781,72.4000015258789,72.4000015258789,5106683
2022-01-06,59.554527282714844,74.91000366210938,76.43000030517578,73.54000091552734,73.93000030517578,3602804
2022-01-07,58.48126220703125,73.55999755859375,75.68000030517578,73.37000274658203,75.04000091552734,2755179
2022-01-10,58.0758056640625,73.05000305175781,74.4800033569336,72.77999877929688,74.08999633789062,2384947
2022-01-11,57.670345306396484,72.54000091552734,73.55999755859375,71.91000366210938,73.54000091552734,2488494
2022-01-12,58.369956970214844,73.41999816894531,74.04000091552734,72.44000244140625,73.4000015258789,2946446
2022-01-13,59.96793746948242,75.43000030517578,75.5999984741211,73.19999694824219,73.20999908447266,3906108
2022-01-14,59.459136962890625,74.79000091552734,75.6500015258789,74.48999786376953,74.72000122070312,2448641
2022-01-17,59.037776947021484,74.26000213623047,75.31999969482422,73.4800033569336,75.16000366210938,1926199
2022-01-18,59.33987808227539,74.63999938964844,75.20999908447266,72.80999755859375,73.9000015258789,2955090
2022-01-19,59.22857666015625,74.5,75.45999908447266,73.6500015258789,74.08999633789062,3104068
2022-01-20,58.19504928588867,73.19999694824219,74.52999877929688,72.1500015258789,74.0,3532959
2022-01-21,57.185394287109375,71.93000030517578,72.08000183105469,71.0,72.04000091552734,4055043
2022-01-24,54.29948806762695,68.30000305175781,72.55999755859375,67.87999725341797,71.4800033569336,5020505
2022-01-25,54.712890625,68.81999969482422,69.77999877929688,68.0199966430664,69.19999694824219,3132631
2022-01-26,56.05646896362305,70.51000213623047,71.06999969482422,69.16999816894531,69.43000030517578,2931917
2022-01-27,56.56528091430664,71.1500015258789,71.77999877929688,69.30999755859375,69.45999908447266,2960980
2022-01-28,55.547664642333984,69.87000274658203,70.80000305175781,68.5,70.80000305175781,3281757
2022-01-31,55.595359802246094,69.93000030517578,70.81999969482422,69.19000244140625,70.62000274658203,2650761
2022-02-01,55.77821731567383,70.16000366210938,70.91999816894531,69.69999694824219,70.0,2186518
2022-02-02,55.17400360107422,69.4000015258789,70.55999755859375,69.23999786376953,70.36000061035156,2056085
2022-02-03,55.40456008911133,69.69000244140625,70.44999694824219,69.0999984741211,69.0999984741211,2636950
2022-02-04,53.92583084106445,67.83000183105469,70.37999725341797,67.25,70.37999725341797,3544933
2022-02-07,53.71117401123047,67.55999755859375,68.6500015258789,67.55999755859375,68.31999969482422,2619261
2022-02-08,53.71117401123047,67.55999755859375,68.94999694824219,66.7300033569336,67.44999694824219,2866739
2022-02-09,56.080318450927734,70.54000091552734,70.95999908447266,68.2699966430664,68.4000015258789,4477504
2022-02-10,55.45225524902344,69.75,70.6500015258789,69.19999694824219,70.54000091552734,2499973
2022-02-11,59.180877685546875,74.44000244140625,75.36000061035156,68.6500015258789,69.01000213623047,7685106
2022-02-14,59.07752227783203,74.30999755859375,74.9800033569336,71.73999786376953,71.97000122070312,6449171
2022-02-15,59.928184509277344,75.37999725341797,75.45999908447266,73.44999694824219,74.1500015258789,4255754
2022-02-16,60.277992248535156,75.81999969482422,77.41999816894531,75.19999694824219,75.48999786376953,3338076
2022-02-17,60.46879959106445,76.05999755859375,77.9000015258789,75.47000122070312,76.94000244140625,3129408
2022-02-18,60.09513854980469,75.58999633789062,77.6500015258789,75.25,76.51000213623047,2876383
2022-02-21,58.854915618896484,74.02999877929688,77.06999969482422,73.80999755859375,76.63999938964844,3466863
2022-02-22,58.210960388183594,73.22000122070312,74.20999908447266,71.0999984741211,71.4800033569336,3938250
2022-02-23,58.48921585083008,73.56999969482422,75.25,72.94000244140625,74.30000305175781,3345429
2022-02-24,54.68904113769531,68.79000091552734,71.33000183105469,67.8499984741211,69.0,8297015
2022-02-25,57.28873825073242,72.05999755859375,72.0999984741211,68.3499984741211,70.45999908447266,6292551
2022-02-28,55.78615951538086,70.16999816894531,70.5999984741211,68.16999816894531,69.9000015258789,5868911
2022-03-01,52.82075881958008,66.44000244140625,70.48999786376953,66.31999969482422,69.5,6811103
2022-03-02,50.92862319946289,64.05999755859375,65.33000183105469,63.04999923706055,65.19999694824219,8133642
2022-03-03,47.86781692504883,60.209999084472656,64.41000366210938,60.0,64.0,6123312
2022-03-04,46.11083984375,58.0,60.09000015258789,56.810001373291016,58.849998474121094,9611532
2022-03-07,45.625877380371094,57.38999938964844,59.45000076293945,54.66999816894531,55.220001220703125,8645172
2022-03-08,45.31582260131836,57.0,58.70000076293945,56.43000030517578,56.439998626708984,6732058
2022-03-09,48.78208541870117,61.36000061035156,61.36000061035156,58.150001525878906,59.13999938964844,6946066
2022-03-10,46.97740173339844,59.09000015258789,61.810001373291016,57.33000183105469,61.36000061035156,6757062
2022-03-11,46.579898834228516,58.59000015258789,61.619998931884766,58.060001373291016,59.36000061035156,6157828
2022-03-14,48.305076599121094,60.7599983215332,61.47999954223633,59.68000030517578,60.15999984741211,4719598
2022-03-15,49.402198791503906,62.13999938964844,62.849998474121094,59.22999954223633,60.38999938964844,5067779
2022-03-16,51.88264465332031,65.26000213623047,66.08000183105469,63.25,64.30999755859375,6129054
2022-03-17,50.880924224853516,64.0,65.91000366210938,63.4900016784668,65.80000305175781,4486444
2022-03-18,49.79175567626953,62.630001068115234,64.9800033569336,62.209999084472656,63.869998931884766,8469566
2022-03-21,50.34031295776367,63.31999969482422,63.91999816894531,62.529998779296875,63.02000045776367,2621597
2022-03-22,51.00812911987305,64.16000366210938,64.93000030517578,63.099998474121094,63.779998779296875,3027640
2022-03-23,50.34031295776367,63.31999969482422,64.83000183105469,62.779998779296875,64.72000122070312,2832496
2022-03-24,50.18130874633789,63.119998931884766,64.33000183105469,62.470001220703125,63.349998474121094,2963436
2022-03-25,50.25286102294922,63.209999084472656,64.0999984741211,62.5099983215332,63.31999969482422,2499241
2022-03-28,50.80937194824219,63.90999984741211,65.2300033569336,63.29999923706055,63.38999938964844,2760387
2022-03-29,53.1467170715332,66.8499984741211,68.16000366210938,64.66000366210938,65.11000061035156,4830793
2022-03-30,51.954193115234375,65.3499984741211,66.93000030517578,64.94999694824219,66.43000030517578,3326372
2022-03-31,50.7298698425293,63.810001373291016,65.97000122070312,63.400001525878906,65.80000305175781,4179264
2022-04-01,50.475467681884766,63.4900016784668,64.76000213623047,63.310001373291016,64.01000213623047,2848350
2022-04-04,51.08763122558594,64.26000213623047,64.54000091552734,62.810001373291016,63.9900016784668,2538008
2022-04-05,50.05411148071289,62.959999084472656,64.81999969482422,62.619998931884766,64.48999786376953,3425810
2022-04-06,49.4737434387207,62.22999954223633,62.95000076293945,60.619998931884766,62.70000076293945,4539402
2022-04-07,49.51349639892578,62.279998779296875,63.279998779296875,62.08000183105469,62.439998626708984,2920342
2022-04-08,50.26081085205078,63.220001220703125,64.13999938964844,62.66999816894531,63.459999084472656,2477629
2022-04-11,49.6009521484375,62.38999938964844,62.7400016784668,61.52000045776367,62.54999923706055,3274607
2022-04-12,49.68840408325195,62.5,63.150001525878906,60.79999923706055,61.5,2791096
2022-04-13,49.974609375,62.86000061035156,63.36000061035156,61.880001068115234,62.279998779296875,2297064
2022-04-14,50.34031295776367,63.31999969482422,63.959999084472656,62.81999969482422,63.20000076293945,3459542
2022-04-19,51.1035270690918,64.27999877929688,64.63999938964844,63.0099983215332,63.400001525878906,2834276
2022-04-20,51.954193115234375,65.3499984741211,66.19999694824219,64.52999877929688,64.88999938964844,3107995
2022-04-21,51.954193115234375,65.3499984741211,65.3499984741211,65.3499984741211,65.3499984741211,0
2022-04-22,51.46128463745117,64.7300033569336,65.87000274658203,64.7300033569336,65.0999984741211,0
2022-04-25,50.74576950073242,63.83000183105469,64.4000015258789,62.959999084472656,63.72999954223633,4119685
2022-04-26,50.01435852050781,62.90999984741211,65.12000274658203,62.810001373291016,64.91000366210938,4784384
2022-04-27,50.01435852050781,62.90999984741211,62.90999984741211,62.90999984741211,62.90999984741211,0
2022-04-28,52.87641143798828,66.51000213623047,66.87999725341797,64.87999725341797,65.0,5497785
2022-04-29,53.3454704284668,67.0999984741211,67.52999877929688,66.43000030517578,67.0999984741211,6141085
2022-05-02,53.448551177978516,62.220001220703125,63.119998931884766,61.7599983215332,61.790000915527344,4880723
2022-05-03,54.01551055908203,62.880001068115234,62.88999938964844,61.599998474121094,62.31999969482422,3449636
2022-05-04,53.54304504394531,62.33000183105469,63.27000045776367,62.290000915527344,62.970001220703125,2525642
2022-05-05,52.40053939819336,61.0,63.84000015258789,60.7400016784668,63.400001525878906,3077742
2022-05-06,52.40053939819336,61.0,61.0,61.0,61.0,0
2022-05-09,52.02256774902344,60.560001373291016,62.630001068115234,60.560001373291016,61.689998626708984,2550726
2022-05-10,52.51221466064453,61.130001068115234,62.400001525878906,61.04999923706055,61.5,2562459
2022-05-11,54.85735321044922,63.86000061035156,63.939998626708984,62.0099983215332,62.279998779296875,4564813
2022-05-12,54.55669403076172,63.5099983215332,63.83000183105469,62.04999923706055,63.0,3339970
2022-05-13,54.55669403076172,63.5099983215332,63.5099983215332,63.5099983215332,63.5099983215332,0
2022-05-16,54.599647521972656,63.560001373291016,64.5999984741211,63.040000915527344,64.05000305175781,2472225
2022-05-17,55.956905364990234,65.13999938964844,65.16000366210938,63.90999984741211,64.08000183105469,2785107
2022-05-18,55.63047790527344,64.76000213623047,65.86000061035156,64.69999694824219,65.19999694824219,2660096
2022-05-19,54.35911560058594,63.279998779296875,64.02999877929688,61.9900016784668,64.02999877929688,3904945
2022-05-20,54.37629699707031,63.29999923706055,65.30000305175781,63.13999938964844,63.540000915527344,4037406
2022-05-23,55.45867156982422,64.55999755859375,64.61000061035156,63.150001525878906,64.5999984741211,2226726
2022-05-24,54.72850036621094,63.709999084472656,65.08000183105469,63.709999084472656,64.12000274658203,2312803
2022-05-25,54.72850036621094,63.709999084472656,63.709999084472656,63.709999084472656,63.709999084472656,0
2022-05-26,56.008445739746094,65.19999694824219,65.54000091552734,64.1500015258789,64.30000305175781,2741419
2022-05-27,56.008445739746094,65.19999694824219,65.19999694824219,65.19999694824219,65.19999694824219,0
2022-05-30,56.008445739746094,65.19999694824219,65.19999694824219,65.19999694824219,65.19999694824219,0
2022-05-31,56.867469787597656,66.19999694824219,67.41999816894531,65.5999984741211,66.11000061035156,8549353
2022-06-01,57.812400817871094,67.30000305175781,67.94999694824219,66.91000366210938,66.91000366210938,2800907
2022-06-02,57.812400817871094,67.30000305175781,67.30000305175781,67.30000305175781,67.30000305175781,0
2022-06-03,57.812400817871094,67.30000305175781,67.30000305175781,67.30000305175781,67.30000305175781,0
2022-06-06,58.611297607421875,68.2300033569336,68.36000061035156,67.33000183105469,67.9000015258789,1860110
2022-06-07,58.21614074707031,67.7699966430664,68.20999908447266,67.19000244140625,67.66000366210938,1824079
2022-06-08,58.37076187133789,67.94999694824219,68.19000244140625,67.06999969482422,68.04000091552734,2396213
2022-06-09,57.51173782348633,66.94999694824219,68.22000122070312,66.83000183105469,67.66000366210938,2377373
2022-06-10,55.75933074951172,64.91000366210938,66.55000305175781,64.76000213623047,66.30000305175781,3222045
2022-06-13,53.38842010498047,62.150001525878906,63.9900016784668,61.68000030517578,63.5,4698245
2022-06-14,53.50868225097656,62.290000915527344,62.91999816894531,61.369998931884766,62.47999954223633,3057644
2022-06-15,54.49656295776367,63.439998626708984,63.900001525878906,62.529998779296875,63.0,3421889
2022-06-16,53.00185775756836,61.70000076293945,63.529998779296875,61.310001373291016,63.52000045776367,3319069
2022-06-17,53.19943618774414,61.93000030517578,62.459999084472656,61.029998779296875,62.0,8659417
2022-06-20,54.101409912109375,62.97999954223633,63.06999969482422,61.459999084472656,62.13999938964844,1856646
2022-06-21,55.12364959716797,64.16999816894531,64.69999694824219,63.040000915527344,63.13999938964844,2127892
2022-06-22,53.62035369873047,62.41999816894531,63.369998931884766,61.7599983215332,63.18000030517578,3001216
2022-06-23,50.32170104980469,58.58000183105469,62.5,58.58000183105469,62.130001068115234,4503913
2022-06-24,50.30451965332031,58.560001373291016,58.95000076293945,56.86000061035156,58.91999816894531,4012939
2022-06-27,50.88865661621094,59.2400016784668,60.41999816894531,58.38999938964844,59.0,2602482
2022-06-28,50.62235641479492,58.93000030517578,60.38999938964844,58.86000061035156,59.75,2304696
2022-06-29,49.479854583740234,57.599998474121094,58.41999816894531,57.220001220703125,57.939998626708984,3125816
2022-06-30,47.43537521362305,55.220001220703125,56.47999954223633,54.41999816894531,56.47999954223633,5239689
2022-07-01,47.24638748168945,55.0,55.650001525878906,54.38999938964844,54.65999984741211,3058854
2022-07-04,45.91490173339844,53.45000076293945,55.599998474121094,53.08000183105469,55.540000915527344,2788226
2022-07-05,43.836055755615234,51.029998779296875,54.65999984741211,50.95000076293945,54.13999938964844,4302723
2022-07-06,43.48386001586914,50.619998931884766,52.060001373291016,50.619998931884766,51.36000061035156,3383302
2022-07-07,46.25851058959961,53.849998474121094,54.20000076293945,51.27000045776367,51.400001525878906,3913441
2022-07-08,47.99374008178711,55.869998931884766,55.869998931884766,53.04999923706055,53.650001525878906,3874127
2022-07-11,46.02657699584961,53.58000183105469,55.18000030517578,53.56999969482422,53.959999084472656,3197596
2022-07-12,46.02657699584961,53.58000183105469,53.58000183105469,53.58000183105469,53.58000183105469,0
2022-07-13,44.256980895996094,51.52000045776367,53.45000076293945,51.0099983215332,53.33000183105469,4001175
2022-07-14,43.535400390625,50.68000030517578,52.18000030517578,50.189998626708984,51.630001068115234,3820841
2022-07-15,45.416664123535156,52.869998931884766,53.040000915527344,50.400001525878906,50.88999938964844,4988165
2022-07-18,46.36159133911133,53.970001220703125,54.290000915527344,52.52000045776367,53.369998931884766,2724224
2022-07-19,48.48338317871094,56.439998626708984,56.65999984741211,53.310001373291016,53.619998931884766,3477506
2022-07-20,47.5814094543457,55.38999938964844,56.77000045776367,54.43000030517578,56.15999984741211,2748669
2022-07-21,47.31511306762695,55.08000183105469,55.95000076293945,54.220001220703125,55.720001220703125,2404588
2022-07-22,46.9800910949707,54.689998626708984,55.540000915527344,54.689998626708984,55.08000183105469,1977983
2022-07-25,47.63295364379883,55.45000076293945,56.150001525878906,54.36000061035156,54.720001220703125,2161496
2022-07-26,46.619300842285156,54.27000045776367,55.20000076293945,54.02000045776367,55.189998626708984,2622172
2022-07-27,48.32017135620117,56.25,56.70000076293945,54.880001068115234,56.5,3433910
2022-07-28,48.741092681884766,56.7400016784668,57.65999984741211,55.45000076293945,57.20000076293945,3058351
2022-07-29,49.15342330932617,57.220001220703125,57.7400016784668,56.61000061035156,57.290000915527344,3086825
2022-08-01,49.35100173950195,57.45000076293945,58.349998474121094,57.16999816894531,57.349998474121094,2240864
2022-08-02,49.65166091918945,57.79999923706055,57.95000076293945,56.52000045776367,57.25,2267997
2022-08-03,50.45055389404297,58.72999954223633,58.790000915527344,56.400001525878906,57.220001220703125,3019430
2022-08-04,50.79416275024414,59.130001068115234,61.02000045776367,58.810001373291016,58.900001525878906,3128523
2022-08-05,50.60517501831055,58.90999984741211,59.75,58.72999954223633,59.02000045776367,2081223
2022-08-08,51.94525909423828,60.470001220703125,60.59000015258789,59.45000076293945,59.5,2157053
2022-08-09,51.22367858886719,59.630001068115234,60.88999938964844,59.619998931884766,60.470001220703125,1540043
2022-08-10,51.98820877075195,60.52000045776367,60.79999923706055,59.2599983215332,59.5,1477512
2022-08-11,51.98820877075195,60.52000045776367,61.119998931884766,60.09000015258789,60.91999816894531,1334795
2022-08-12,52.34040832519531,60.93000030517578,61.47999954223633,60.59000015258789,60.790000915527344,1661009
2022-08-15,52.02256774902344,60.560001373291016,61.16999816894531,59.9900016784668,61.02000045776367,1231335
2022-08-16,52.58952713012695,61.220001220703125,61.439998626708984,60.540000915527344,60.650001525878906,1399574
2022-08-17,51.61882781982422,60.09000015258789,61.65999984741211,60.08000183105469,61.4900016784668,1939799
2022-08-18,51.83358383178711,60.34000015258789,60.959999084472656,59.97999954223633,60.25,1451857
2022-08-19,49.90077590942383,58.09000015258789,60.09000015258789,57.9900016784668,59.900001525878906,3083542
2022-08-22,48.02810287475586,55.90999984741211,58.0,55.31999969482422,57.70000076293945,2742003
2022-08-23,48.741092681884766,56.7400016784668,57.09000015258789,55.5,55.70000076293945,2197419
2022-08-24,47.959381103515625,55.83000183105469,56.790000915527344,55.560001373291016,56.29999923706055,2228760
2022-08-25,48.3717155456543,56.310001373291016,56.810001373291016,55.540000915527344,56.27000045776367,1778662
2022-08-26,47.24638748168945,55.0,57.02000045776367,54.650001525878906,56.40999984741211,2788422
2022-08-29,48.260040283203125,56.18000030517578,56.18000030517578,54.279998779296875,54.68000030517578,1969692
2022-08-30,48.758270263671875,56.7599983215332,57.83000183105469,55.79999923706055,56.22999954223633,2416581
2022-08-31,48.20849609375,56.119998931884766,58.0099983215332,56.119998931884766,57.400001525878906,2579501
2022-09-01,47.24638748168945,55.0,55.79999923706055,54.790000915527344,55.79999923706055,1943324
2022-09-02,49.462677001953125,57.58000183105469,57.58000183105469,55.5,55.90999984741211,3231350
2022-09-05,46.0781135559082,53.63999938964844,55.70000076293945,53.22999954223633,55.5099983215332,3874435
2022-09-06,47.45255661010742,55.2400016784668,55.400001525878906,53.52000045776367,53.66999816894531,2218159
2022-09-07,48.1827278137207,56.09000015258789,56.29999923706055,54.5099983215332,54.5099983215332,1848813
2022-09-08,47.28934097290039,55.04999923706055,56.459999084472656,54.060001373291016,56.06999969482422,2837453
2022-09-09,48.423255920410156,56.369998931884766,56.95000076293945,55.099998474121094,55.099998474121094,2197430
2022-09-12,50.92301559448242,59.279998779296875,59.279998779296875,56.88999938964844,57.0,3448989
2022-09-13,50.046810150146484,58.2599983215332,60.0,58.040000915527344,59.5,3070445
2022-09-14,49.608707427978516,57.75,58.869998931884766,56.97999954223633,57.90999984741211,2925812
2022-09-15,49.4369010925293,57.54999923706055,58.2599983215332,56.9900016784668,57.90999984741211,2127022
2022-09-16,48.98162078857422,57.02000045776367,57.290000915527344,55.619998931884766,56.95000076293945,5775034
2022-09-19,49.4111328125,57.52000045776367,58.02000045776367,55.880001068115234,57.04999923706055,1470842
2022-09-20,48.964439392089844,57.0,58.79999923706055,56.81999969482422,57.79999923706055,1811591
2022-09-21,49.24791717529297,57.33000183105469,57.58000183105469,55.88999938964844,56.400001525878906,1367175
2022-09-22,48.191314697265625,56.099998474121094,57.33000183105469,55.880001068115234,56.11000061035156,1930789
2022-09-23,46.31005096435547,53.90999984741211,56.0099983215332,53.61000061035156,56.0099983215332,2821988
2022-09-26,47.04881286621094,54.77000045776367,55.709999084472656,53.0099983215332,53.16999816894531,2205489
2022-09-27,46.83405685424805,54.52000045776367,56.54999923706055,54.38999938964844,56.0099983215332,2423870
2022-09-28,46.76533508300781,54.439998626708984,54.75,53.130001068115234,53.619998931884766,2749282
2022-09-29,45.038692474365234,52.43000030517578,54.75,51.77000045776367,54.54999923706055,4101909
2022-09-30,44.969970703125,52.349998474121094,53.369998931884766,50.97999954223633,52.68000030517578,3648879
2022-10-03,45.519752502441406,52.9900016784668,53.31999969482422,51.08000183105469,52.31999969482422,2511294
2022-10-04,47.24638748168945,55.0,55.16999816894531,53.400001525878906,54.130001068115234,2920928
2022-10-05,45.536930084228516,53.0099983215332,54.54999923706055,52.29999923706055,54.5099983215332,2697461
2022-10-06,46.24991989135742,53.84000015258789,54.41999816894531,53.15999984741211,53.869998931884766,2066809
2022-10-07,45.19331741333008,52.61000061035156,53.70000076293945,52.369998931884766,53.20000076293945,2278524
2022-10-10,44.71226501464844,52.04999923706055,53.439998626708984,51.630001068115234,51.79999923706055,2177491
2022-10-11,45.39948272705078,52.849998474121094,52.849998474121094,50.650001525878906,51.849998474121094,2670358
2022-10-12,45.33076477050781,52.77000045776367,52.93000030517578,51.75,52.709999084472656,1939609
2022-10-13,46.06093215942383,53.619998931884766,54.040000915527344,51.849998474121094,52.619998931884766,2368282
2022-10-14,46.2671012878418,53.86000061035156,54.849998474121094,53.279998779296875,54.52000045776367,2157075
2022-10-17,47.46114730834961,55.25,55.619998931884766,53.84000015258789,54.18000030517578,1776863
2022-10-18,49.0847053527832,57.13999938964844,57.9900016784668,55.900001525878906,56.470001220703125,2913706
2022-10-19,49.36818313598633,57.470001220703125,58.16999816894531,57.040000915527344,57.52000045776367,1794682
2022-10-20,48.964439392089844,57.0,57.97999954223633,56.380001068115234,57.029998779296875,2004413
2022-10-21,48.9043083190918,56.93000030517578,57.52000045776367,56.08000183105469,56.40999984741211,3061172
2022-10-24,50.20143508911133,58.439998626708984,58.54999923706055,56.91999816894531,57.61000061035156,2501917
2022-10-25,50.08116912841797,58.29999923706055,59.25,57.20000076293945,59.09000015258789,2382138
2022-10-26,50.63094711303711,58.939998626708984,58.939998626708984,57.06999969482422,58.720001220703125,2716922
2022-10-27,50.51927947998047,58.810001373291016,59.349998474121094,57.779998779296875,58.619998931884766,2247948
2022-10-28,49.995269775390625,58.20000076293945,58.52000045776367,56.7400016784668,57.63999938964844,2818548
2022-10-31,50.3388786315918,58.599998474121094,58.849998474121094,57.90999984741211,58.83000183105469,1472138
2022-11-01,50.80275344848633,59.13999938964844,59.77000045776367,58.599998474121094,58.9900016784668,1617080
2022-11-02,49.857826232910156,58.040000915527344,59.59000015258789,58.040000915527344,59.5,1935690
2022-11-03,49.02457046508789,57.06999969482422,57.75,56.52000045776367,57.599998474121094,2531028
2022-11-04,51.31816864013672,59.7400016784668,59.7400016784668,57.22999954223633,57.400001525878906,2986616
2022-11-07,51.39548110961914,59.83000183105469,60.86000061035156,59.130001068115234,59.25,1982248
2022-11-08,52.12565231323242,60.68000030517578,60.77000045776367,59.709999084472656,59.88999938964844,2214419
2022-11-09,51.4727897644043,59.91999816894531,60.65999984741211,59.59000015258789,60.560001373291016,1656985
2022-11-10,54.41065979003906,63.34000015258789,63.41999816894531,59.81999969482422,59.869998931884766,4408393
2022-11-11,55.656246185302734,64.79000091552734,65.22000122070312,63.7400016784668,63.79999923706055,3448590
2022-11-14,55.78510284423828,64.94000244140625,65.83000183105469,64.45999908447266,65.55000305175781,1863787
2022-11-15,55.99985885620117,65.19000244140625,65.61000061035156,64.30999755859375,65.52999877929688,1814287
2022-11-16,52.529396057128906,61.150001525878906,64.54000091552734,60.5099983215332,64.41999816894531,5855377
2022-11-17,51.73050308227539,60.220001220703125,61.91999816894531,59.40999984741211,61.61000061035156,2955510
2022-11-18,53.448551177978516,62.220001220703125,62.45000076293945,60.65999984741211,60.81999969482422,4348709
2022-11-21,53.182254791259766,61.90999984741211,62.470001220703125,61.54999923706055,61.68000030517578,1389921
2022-11-22,53.397010803222656,62.15999984741211,62.72999954223633,61.65999984741211,61.79999923706055,1597248
2022-11-23,53.32829284667969,62.08000183105469,62.5,61.15999984741211,62.349998474121094,1565578
2022-11-24,53.68907928466797,62.5,62.65999984741211,62.02000045776367,62.04999923706055,1181204
2022-11-25,53.5774040222168,62.369998931884766,62.70000076293945,61.95000076293945,62.599998474121094,1251984
2022-11-28,52.83864212036133,61.5099983215332,62.08000183105469,61.27000045776367,61.70000076293945,1822227
2022-11-29,53.72344207763672,62.540000915527344,62.650001525878906,61.540000915527344,61.779998779296875,2166881
2022-11-30,55.32122802734375,64.4000015258789,64.69999694824219,62.72999954223633,62.72999954223633,4058987
2022-12-01,55.11506271362305,64.16000366210938,65.37000274658203,63.25,65.22000122070312,1819216
2022-12-02,55.05492401123047,64.08999633789062,64.62999725341797,63.400001525878906,63.43000030517578,1784916
2022-12-05,55.200965881347656,64.26000213623047,64.6500015258789,63.5099983215332,64.44999694824219,2148286
2022-12-06,54.788631439208984,63.779998779296875,64.88999938964844,63.56999969482422,64.58000183105469,1529196
2022-12-07,54.22167205810547,63.119998931884766,64.30999755859375,63.06999969482422,63.5,1582496
2022-12-08,54.22167205810547,63.119998931884766,63.52000045776367,62.59000015258789,63.20000076293945,1804621
2022-12-09,55.656246185302734,64.79000091552734,64.9800033569336,63.150001525878906,63.470001220703125,2692302
2022-12-12,55.02056884765625,64.05000305175781,64.69999694824219,63.97999954223633,64.5,1797201
2022-12-13,55.50162124633789,64.61000061035156,65.68000030517578,63.790000915527344,64.16999816894531,2463128
2022-12-14,55.45867156982422,64.55999755859375,64.83000183105469,64.06999969482422,64.2699966430664,2312355
2022-12-15,53.3454704284668,62.099998474121094,64.77999877929688,62.040000915527344,64.19999694824219,3837595
2022-12-16,53.285335540771484,62.029998779296875,62.970001220703125,61.61000061035156,62.220001220703125,5172715
2022-12-19,53.80075454711914,62.630001068115234,63.04999923706055,61.97999954223633,62.099998474121094,1503334
2022-12-20,53.25956726074219,62.0,62.310001373291016,61.52000045776367,62.189998626708984,1788337
2022-12-21,53.998329162597656,62.86000061035156,62.86000061035156,61.7599983215332,62.220001220703125,1292377
2022-12-22,52.40053939819336,61.0,63.060001373291016,60.720001220703125,62.970001220703125,1950310
2022-12-23,52.70119857788086,61.349998474121094,61.75,60.79999923706055,60.90999984741211,961726
2022-12-27,53.1564826965332,61.880001068115234,62.40999984741211,61.65999984741211,61.97999954223633,744145
2022-12-28,52.684017181396484,61.33000183105469,62.08000183105469,61.08000183105469,62.08000183105469,1293906
2022-12-29,53.25956726074219,62.0,62.220001220703125,60.849998474121094,61.0,1006366
2022-12-30,52.7441520690918,61.400001525878906,61.970001220703125,61.33000183105469,61.79999923706055,867268
2023-01-02,54.788631439208984,63.779998779296875,63.880001068115234,61.88999938964844,61.959999084472656,1836012
2023-01-03,55.02056884765625,64.05000305175781,64.94000244140625,63.65999984741211,63.70000076293945,1630673
2023-01-04,56.57540512084961,65.86000061035156,66.11000061035156,64.30000305175781,64.4000015258789,2715145
2023-01-05,57.04787063598633,66.41000366210938,66.66000366210938,65.36000061035156,65.77999877929688,1793620
2023-01-06,57.090816497802734,66.45999908447266,67.08000183105469,64.94999694824219,66.62999725341797,2127422
2023-01-09,57.8295783996582,67.31999969482422,67.69999694824219,66.88999938964844,67.11000061035156,2399636
2023-01-10,58.1989631652832,67.75,67.9800033569336,66.87999725341797,67.31999969482422,2376716
2023-01-11,58.53398132324219,68.13999938964844,68.47000122070312,67.79000091552734,67.9800033569336,2116073
2023-01-12,59.18684005737305,68.9000015258789,69.12999725341797,67.95999908447266,68.41999816894531,2712212
2023-01-13,57.589054107666016,67.04000091552734,68.68000030517578,66.7300033569336,68.68000030517578,3072434
2023-01-16,57.692138671875,67.16000366210938,67.44999694824219,66.62000274658203,67.43000030517578,1466111
2023-01-17,57.75226974487305,67.2300033569336,67.80000305175781,66.44999694824219,67.16000366210938,1582531
2023-01-18,57.812400817871094,67.30000305175781,67.69999694824219,66.91999816894531,67.33000183105469,1245010
2023-01-19,56.283329010009766,65.5199966430664,66.91000366210938,65.5199966430664,66.58999633789062,2152459
2023-01-20,56.5152702331543,65.79000091552734,66.19999694824219,65.27999877929688,66.04000091552734,2128467
2023-01-23,57.786624908447266,67.2699966430664,67.36000061035156,66.08000183105469,66.51000213623047,1724442
2023-01-24,58.1989631652832,67.75,68.25,67.05999755859375,67.5999984741211,2031321
2023-01-25,58.070106506347656,67.5999984741211,67.94000244140625,67.20999908447266,67.56999969482422,1309779
2023-01-26,58.67142868041992,68.30000305175781,68.44999694824219,67.69999694824219,68.08999633789062,1733510
2023-01-27,58.67142868041992,68.30000305175781,68.30000305175781,68.30000305175781,68.30000305175781,0
2023-01-30,58.17319107055664,67.72000122070312,69.12999725341797,67.2300033569336,69.0999984741211,2593538
2023-01-31,58.542572021484375,68.1500015258789,68.30000305175781,66.81999969482422,67.4800033569336,2386354
2023-02-01,59.78815841674805,69.5999984741211,69.77999877929688,68.2300033569336,68.51000213623047,2608230
2023-02-02,62.02162170410156,72.19999694824219,72.83999633789062,69.55999755859375,69.94999694824219,4335198
2023-02-03,61.84981918334961,72.0,72.68000030517578,71.12999725341797,71.68000030517578,3214000
2023-02-06,61.72096633911133,71.8499984741211,72.05000305175781,70.69000244140625,71.44999694824219,1925947
2023-02-07,61.80686569213867,71.94999694824219,72.48999786376953,71.58999633789062,72.02999877929688,1661559
2023-02-08,61.6694221496582,71.79000091552734,72.56999969482422,71.22000122070312,72.11000061035156,1721447
2023-02-09,62.700252532958984,72.98999786376953,73.37999725341797,71.9000015258789,71.9000015258789,2361035
2023-02-10,61.81545639038086,71.95999908447266,72.94999694824219,71.4000015258789,72.66999816894531,2045968
2023-02-13,61.394535064697266,71.47000122070312,72.25,71.47000122070312,72.0,1207531
2023-02-14,61.40312576293945,71.4800033569336,72.23999786376953,71.11000061035156,71.68000030517578,1602344
2023-02-15,62.15906524658203,72.36000061035156,72.47000122070312,71.31999969482422,71.44999694824219,1530975
2023-02-16,62.348052978515625,72.58000183105469,73.1500015258789,71.69999694824219,72.80000305175781,2101550
2023-02-17,64.11764526367188,74.63999938964844,75.05999755859375,73.54000091552734,73.61000061035156,5170528
2023-02-20,64.31522369384766,74.87000274658203,75.55000305175781,74.81999969482422,75.0,1619956
2023-02-21,64.07469177246094,74.58999633789062,75.12000274658203,73.62000274658203,74.86000061035156,1779722
2023-02-22,63.550689697265625,73.9800033569336,74.36000061035156,73.47000122070312,74.16999816894531,1935831
2023-02-23,63.66236114501953,74.11000061035156,74.87999725341797,74.05000305175781,74.26000213623047,2167050
2023-02-24,61.798282623291016,71.94000244140625,74.61000061035156,71.94000244140625,74.4800033569336,5234674
2023-02-27,62.35664367675781,72.58999633789062,73.12999725341797,72.41000366210938,72.9000015258789,1552245
2023-02-28,62.40818786621094,72.6500015258789,73.54000091552734,71.76000213623047,72.30999755859375,2395280
2023-03-01,62.9923210144043,73.33000183105469,74.08000183105469,72.73999786376953,73.1500015258789,2058806
2023-03-02,63.2414436340332,73.62000274658203,73.87999725341797,72.19000244140625,72.91999816894531,1635655
2023-03-03,64.9337158203125,75.58999633789062,75.83999633789062,73.62000274658203,73.62000274658203,2941485
2023-03-06,65.08834075927734,75.7699966430664,75.91999816894531,75.26000213623047,75.75,1543597
2023-03-07,64.71895599365234,75.33999633789062,75.81999969482422,75.1500015258789,75.56999969482422,1336673
2023-03-08,64.52997589111328,75.12000274658203,75.7699966430664,74.95999908447266,75.36000061035156,1804184
2023-03-09,64.22931671142578,74.7699966430664,75.75,73.66000366210938,75.33999633789062,1935647
2023-03-10,63.59363555908203,74.02999877929688,74.23999786376953,72.25,72.5,2665376
2023-03-13,61.57493209838867,71.68000030517578,74.58999633789062,71.41999816894531,74.38999938964844,4137051
2023-03-14,62.554222106933594,72.81999969482422,72.98999786376953,71.23999786376953,72.12000274658203,2859137
2023-03-15,60.260623931884766,70.1500015258789,72.95999908447266,69.72000122070312,72.81999969482422,4519645
2023-03-16,60.441017150878906,70.36000061035156,71.27999877929688,68.79000091552734,71.08000183105469,4593018
2023-03-17,59.49609375,69.26000213623047,71.2300033569336,68.3499984741211,70.9000015258789,9158469
2023-03-20,59.39300537109375,69.13999938964844,69.61000061035156,67.0199966430664,68.83999633789062,2625711
2023-03-21,60.544097900390625,70.4800033569336,71.25,70.05000305175781,70.16999816894531,2673789
2023-03-22,61.13682556152344,71.16999816894531,71.72000122070312,70.5,70.61000061035156,1921978
2023-03-23,60.750267028808594,70.72000122070312,71.66000366210938,70.29000091552734,71.31999969482422,1650894
2023-03-24,59.831111907958984,69.6500015258789,70.4000015258789,67.81999969482422,70.4000015258789,3513012
2023-03-27,61.40312576293945,71.4800033569336,71.83999633789062,70.23999786376953,70.37000274658203,2052688
2023-03-28,61.75532913208008,71.88999938964844,72.7699966430664,71.73999786376953,72.51000213623047,1355205
2023-03-29,60.441017150878906,70.36000061035156,70.81999969482422,69.83000183105469,70.08000183105469,3853734
2023-03-30,60.913482666015625,70.91000366210938,71.19000244140625,70.37999725341797,70.9800033569336,2582982
2023-03-31,60.80180358886719,70.77999877929688,71.23999786376953,70.31999969482422,71.16999816894531,3241795
2023-04-03,60.483970642089844,70.41000366210938,70.93000030517578,70.05000305175781,70.80999755859375,3464723
2023-04-04,60.509742736816406,70.44000244140625,71.23999786376953,70.36000061035156,70.69000244140625,2396840
2023-04-05,58.78310012817383,68.43000030517578,70.83000183105469,68.2300033569336,70.69000244140625,3362207
2023-04-06,58.25909423828125,67.81999969482422,68.55000305175781,67.4000015258789,68.47000122070312,2319896
2023-04-11,59.169654846191406,68.87999725341797,69.58000183105469,68.41999816894531,68.69999694824219,2427777
2023-04-12,59.56481170654297,69.33999633789062,70.27999877929688,68.9000015258789,68.98999786376953,1983591
2023-04-13,59.95137405395508,69.79000091552734,70.18000030517578,69.12999725341797,69.4000015258789,1779787
2023-04-14,60.483970642089844,70.41000366210938,70.80000305175781,69.79000091552734,69.95999908447266,2400954
2023-04-17,59.48750305175781,69.25,70.91000366210938,69.12999725341797,70.83000183105469,2327453
2023-04-18,60.27779769897461,70.16999816894531,70.25,69.41999816894531,69.55999755859375,2710343
2023-04-19,60.65576934814453,70.61000061035156,70.61000061035156,69.55999755859375,70.12999725341797,2085092
2023-04-20,58.611297607421875,68.2300033569336,70.30000305175781,67.94999694824219,70.30000305175781,4028108
2023-04-21,59.45314025878906,69.20999908447266,70.19000244140625,68.30999755859375,69.5999984741211,4229716
2023-04-24,60.03727340698242,69.88999938964844,70.1500015258789,69.0999984741211,69.4800033569336,1951192
2023-04-25,59.925601959228516,69.76000213623047,70.1500015258789,69.37999725341797,69.88999938964844,2010841
2023-04-26,60.18330764770508,70.05999755859375,70.1500015258789,69.0999984741211,69.75,2143895
2023-04-27,60.18330764770508,70.05999755859375,71.05999755859375,69.66000366210938,70.25,2705371
2023-04-28,60.6300048828125,70.58000183105469,71.30999755859375,68.3499984741211,70.91999816894531,4484728
2023-05-02,59.7537956237793,69.55999755859375,71.55000305175781,69.55999755859375,71.19999694824219,3619970
2023-05-03,60.34652328491211,70.25,70.41000366210938,68.93000030517578,70.0,4057074
2023-05-04,60.355796813964844,65.05999755859375,66.63999938964844,64.51000213623047,66.5,4895234
2023-05-05,61.858665466308594,66.68000030517578,66.69000244140625,64.98999786376953,65.1500015258789,3347560
2023-05-08,61.858665466308594,66.68000030517578,67.37000274658203,66.5199966430664,66.98999786376953,2022023
2023-05-09,62.294681549072266,67.1500015258789,67.37999725341797,66.58000183105469,66.86000061035156,2778602
2023-05-10,62.7678108215332,67.66000366210938,67.94999694824219,66.83999633789062,67.58999633789062,2685946
2023-05-11,62.869850158691406,67.7699966430664,68.20999908447266,67.26000213623047,67.80000305175781,2752091
2023-05-12,62.953346252441406,67.86000061035156,68.30000305175781,67.69999694824219,68.16999816894531,2180549
2023-05-15,63.083221435546875,68.0,68.33999633789062,67.7699966430664,68.0,1655858
2023-05-16,62.526607513427734,67.4000015258789,67.76000213623047,67.0,67.69000244140625,2505551
2023-05-17,63.43574142456055,68.37999725341797,68.44999694824219,67.1500015258789,67.25,2414124
2023-05-18,65.40245819091797,70.5,70.69000244140625,68.80999755859375,68.9000015258789,3489030
2023-05-19,66.03328704833984,71.18000030517578,71.79000091552734,70.66999816894531,70.75,4060785
2023-05-22,66.23738098144531,71.4000015258789,71.5999984741211,70.94000244140625,71.22000122070312,1878847
2023-05-23,66.10750579833984,71.26000213623047,71.4800033569336,70.95999908447266,71.30000305175781,1754573
2023-05-24,64.86439514160156,69.91999816894531,70.9000015258789,69.58000183105469,70.75,2779971
2023-05-25,65.1705322265625,70.25,70.66000366210938,69.48999786376953,70.05999755859375,1966352
2023-05-26,66.27449035644531,71.44000244140625,71.44000244140625,70.16000366210938,70.69999694824219,2199584
2023-05-29,66.01473999023438,71.16000366210938,72.08000183105469,70.95999908447266,71.5,1509671
2023-05-30,66.05184173583984,71.19999694824219,71.9800033569336,70.9000015258789,71.06999969482422,1836543
2023-05-31,64.72523498535156,69.7699966430664,71.0,69.4800033569336,70.3499984741211,9349162
2023-06-01,65.45811462402344,70.55999755859375,70.77999877929688,69.93000030517578,70.30999755859375,1760173
2023-06-02,67.01664733886719,72.23999786376953,72.41999816894531,71.01000213623047,71.25,3128986
2023-06-05,66.83110809326172,72.04000091552734,72.4000015258789,71.6500015258789,72.30000305175781,1675542
2023-06-06,66.82183074951172,72.02999877929688,72.23999786376953,71.5,71.97000122070312,1293109
2023-06-07,67.23001861572266,72.47000122070312,72.56999969482422,71.5199966430664,72.08999633789062,2140621
2023-06-08,67.72169494628906,73.0,73.76000213623047,72.41999816894531,72.4800033569336,2603334
2023-06-09,67.35061645507812,72.5999984741211,73.41000366210938,72.5999984741211,73.06999969482422,1472053
2023-06-12,68.27831268310547,73.5999984741211,73.6500015258789,72.93000030517578,73.0,1922110
2023-06-13,69.00190734863281,74.37999725341797,74.37999725341797,72.5,73.98999786376953,2562255
2023-06-14,69.90177154541016,75.3499984741211,75.8499984741211,74.41000366210938,74.48999786376953,3412044
2023-06-15,69.74407196044922,75.18000030517578,75.22000122070312,74.55000305175781,75.16000366210938,2180019
2023-06-16,70.59754180908203,76.0999984741211,76.0999984741211,74.83000183105469,75.12999725341797,9064187
2023-06-19,70.07804107666016,75.54000091552734,75.93000030517578,75.19000244140625,75.62999725341797,1454192
2023-06-20,69.62347412109375,75.05000305175781,75.33000183105469,74.23999786376953,75.19000244140625,1844673
2023-06-21,68.6957778930664,74.05000305175781,75.58999633789062,73.9800033569336,75.30999755859375,2441517
2023-06-22,67.11869049072266,72.3499984741211,72.97000122070312,71.94999694824219,72.94000244140625,2615289
2023-06-23,66.82183074951172,72.02999877929688,72.61000061035156,71.31999969482422,72.61000061035156,2021890
2023-06-26,66.77545166015625,71.9800033569336,72.30999755859375,70.58000183105469,72.23999786376953,2108434
2023-06-27,66.63629150390625,71.83000183105469,72.37999725341797,71.2699966430664,72.18000030517578,2047053
2023-06-28,67.29495239257812,72.54000091552734,72.76000213623047,71.86000061035156,72.27999877929688,1666174
2023-06-29,67.70314025878906,72.9800033569336,73.44000244140625,72.7300033569336,72.9000015258789,1359574
2023-06-30,68.34324645996094,73.66999816894531,73.91999816894531,72.9800033569336,73.5,2983542
2023-07-03,68.29686737060547,73.62000274658203,74.47000122070312,73.38999938964844,73.94999694824219,1667671
2023-07-04,67.4897689819336,72.75,74.0,71.88999938964844,74.0,1704565
2023-07-05,68.25048065185547,73.56999969482422,73.5999984741211,71.94999694824219,72.19999694824219,2170925
2023-07-06,66.25593566894531,71.41999816894531,73.33000183105469,71.02999877929688,73.29000091552734,2696415
2023-07-07,66.74761199951172,71.94999694824219,71.94999694824219,70.87999725341797,71.3499984741211,2193616
2023-07-10,66.71051025390625,71.91000366210938,72.43000030517578,71.05999755859375,71.86000061035156,1165077
2023-07-11,67.14652252197266,72.37999725341797,72.41999816894531,71.44999694824219,72.29000091552734,1577401
2023-07-12,67.35989379882812,72.61000061035156,72.73999786376953,71.94000244140625,72.54000091552734,2075037
2023-07-13,67.5361557006836,72.80000305175781,73.05000305175781,71.94000244140625,72.44000244140625,2193914
2023-07-14,67.19290924072266,72.43000030517578,72.73999786376953,72.22000122070312,72.68000030517578,1403461
2023-07-17,67.27639770507812,72.5199966430664,72.58999633789062,71.83999633789062,72.02999877929688,1318088
2023-07-18,67.23001861572266,72.47000122070312,72.9000015258789,71.9000015258789,72.55999755859375,1476416
2023-07-19,66.69195556640625,71.88999938964844,72.79000091552734,71.37999725341797,72.69000244140625,1739005
2023-07-20,66.38581085205078,71.55999755859375,71.83999633789062,71.2699966430664,71.5,1984640
2023-07-21,66.05184173583984,71.19999694824219,71.72000122070312,70.44999694824219,70.55999755859375,2682292
2023-07-24,66.23738098144531,71.4000015258789,71.48999786376953,70.69000244140625,71.0999984741211,1834338
2023-07-25,66.07039642333984,71.22000122070312,71.9000015258789,71.01000213623047,71.9000015258789,1363722
2023-07-26,64.90150451660156,69.95999908447266,71.05999755859375,69.12000274658203,70.80000305175781,3825392
2023-07-27,67.46194458007812,72.72000122070312,72.95999908447266,68.7699966430664,69.91000366210938,4881783
2023-07-28,68.24120330810547,73.55999755859375,73.55999755859375,71.77999877929688,72.9800033569336,2522824
2023-07-31,67.38772583007812,72.63999938964844,73.69999694824219,72.55000305175781,73.5999984741211,1939953
2023-08-01,65.7920913696289,70.91999816894531,72.83999633789062,70.66000366210938,72.79000091552734,3075871
2023-08-02,65.91268920898438,71.05000305175781,71.25,69.66000366210938,70.04000091552734,1997851
2023-08-03,66.01473999023438,71.16000366210938,71.33999633789062,70.06999969482422,70.5,2051658
2023-08-04,66.33015441894531,71.5,71.77999877929688,70.86000061035156,71.5,1571767
2023-08-07,66.23738098144531,71.4000015258789,71.68000030517578,70.70999908447266,71.18000030517578,1545919
2023-08-08,65.1983642578125,70.27999877929688,71.70999908447266,69.58000183105469,71.04000091552734,2394838
2023-08-09,64.47476196289062,69.5,70.62999725341797,69.5,70.0199966430664,1733233
2023-08-10,65.2447509765625,70.33000183105469,70.73999786376953,69.91999816894531,70.06999969482422,1903057
2023-08-11,64.11296081542969,69.11000061035156,70.11000061035156,69.11000061035156,69.98999786376953,2450747
2023-08-14,63.86248016357422,68.83999633789062,69.2699966430664,68.55999755859375,68.94999694824219,1957208
2023-08-15,63.203819274902344,68.12999725341797,68.97000122070312,68.08999633789062,68.87999725341797,1639229
2023-08-16,63.34297561645508,68.27999877929688,68.94999694824219,67.83999633789062,68.0,1558031
2023-08-17,62.63792419433594,67.5199966430664,68.16000366210938,67.31999969482422,68.11000061035156,1978472
2023-08-18,62.17407989501953,67.0199966430664,67.1500015258789,66.38999938964844,67.08999633789062,2654962
2023-08-21,62.6564826965332,67.54000091552734,67.83000183105469,66.7699966430664,66.8499984741211,1734287
2023-08-22,62.88840866088867,67.79000091552734,68.26000213623047,67.61000061035156,68.0,1279950
2023-08-23,62.6564826965332,67.54000091552734,68.30999755859375,67.22000122070312,68.0,1797299
2023-08-24,62.14624786376953,66.98999786376953,68.48999786376953,66.87999725341797,68.0999984741211,1921427
2023-08-25,62.1555290222168,67.0,67.31999969482422,66.61000061035156,66.80999755859375,1411722
2023-08-28,62.55443572998047,67.43000030517578,67.73999786376953,66.61000061035156,67.5999984741211,1847514
2023-08-29,62.925514221191406,67.83000183105469,67.93000030517578,67.23999786376953,67.51000213623047,2263590
2023-08-30,62.62865447998047,67.51000213623047,68.22000122070312,67.30000305175781,68.19000244140625,1981494
2023-08-31,62.6564826965332,67.54000091552734,67.98999786376953,67.30999755859375,67.5999984741211,7356061
2023-09-01,61.097957611083984,65.86000061035156,67.80000305175781,65.56999969482422,67.73999786376953,3407902
2023-09-04,61.691680908203125,66.5,66.94999694824219,66.01000213623047,66.0199966430664,1721615
2023-09-05,62.07203674316406,66.91000366210938,66.91999816894531,65.91000366210938,66.19999694824219,1915375
2023-09-06,61.450477600097656,66.23999786376953,66.91999816894531,66.16000366210938,66.55000305175781,1868524
2023-09-07,60.57844924926758,65.30000305175781,66.44999694824219,65.30000305175781,66.04000091552734,2146909
2023-09-08,61.070125579833984,65.83000183105469,65.94999694824219,64.68000030517578,65.44999694824219,2258116
2023-09-11,61.44120407104492,66.2300033569336,66.61000061035156,65.8499984741211,66.23999786376953,2417449
2023-09-12,62.07203674316406,66.91000366210938,67.38999938964844,65.9000015258789,66.66000366210938,2676363
2023-09-13,62.01637268066406,66.8499984741211,69.5,66.56999969482422,66.80999755859375,3529751
2023-09-14,61.654571533203125,66.45999908447266,66.87999725341797,65.52999877929688,66.87999725341797,3030009
2023-09-15,62.350341796875,67.20999908447266,67.88999938964844,66.73999786376953,67.2699966430664,4884518
2023-09-18,61.63602066040039,66.44000244140625,67.33000183105469,66.16000366210938,67.1500015258789,2471988
2023-09-19,62.0070915222168,66.83999633789062,67.33000183105469,66.3499984741211,66.44000244140625,1749962
2023-09-20,63.278038024902344,68.20999908447266,68.55000305175781,67.08999633789062,67.0999984741211,2661750
2023-09-21,62.55443572998047,67.43000030517578,67.97000122070312,66.87999725341797,67.5999984741211,1703195
2023-09-22,62.461669921875,67.33000183105469,67.44000244140625,66.61000061035156,67.0999984741211,2017943
2023-09-25,61.580352783203125,66.37999725341797,67.2699966430664,65.87000274658203,66.9800033569336,2525595
2023-09-26,60.72687530517578,65.45999908447266,66.36000061035156,65.1500015258789,66.36000061035156,2379936
2023-09-27,60.54133987426758,65.26000213623047,66.22000122070312,65.12999725341797,65.31999969482422,1770969
2023-09-28,61.12578582763672,65.88999938964844,66.20999908447266,64.77999877929688,65.4800033569336,2121972
2023-09-29,61.12578582763672,65.88999938964844,66.33000183105469,65.62000274658203,66.0199966430664,2242431
2023-10-02,60.866031646728516,65.61000061035156,66.52999877929688,65.13999938964844,66.5,1800099
2023-10-03,60.235198974609375,64.93000030517578,65.80999755859375,64.9000015258789,65.41000366210938,1708507
2023-10-04,60.235198974609375,64.93000030517578,65.19999694824219,63.52000045776367,64.5199966430664,2371506
2023-10-05,59.7620735168457,64.41999816894531,65.04000091552734,64.29000091552734,64.9000015258789,1629229
2023-10-06,59.2332878112793,63.849998474121094,64.83999633789062,62.7400016784668,64.41999816894531,3411439
2023-10-09,58.862213134765625,63.45000076293945,63.68000030517578,62.83000183105469,63.47999954223633,1704444
2023-10-10,59.93833923339844,64.61000061035156,65.01000213623047,63.880001068115234,63.93000030517578,2336447
2023-10-11,60.16098403930664,64.8499984741211,65.08999633789062,63.88999938964844,64.37000274658203,2216892
2023-10-12,60.476402282714844,65.19000244140625,65.62999725341797,64.87999725341797,65.3499984741211,1425955
2023-10-13,59.669307708740234,64.31999969482422,65.43000030517578,64.26000213623047,65.13999938964844,2178624
2023-10-16,60.021827697753906,64.69999694824219,64.8499984741211,63.709999084472656,64.37000274658203,1684499
2023-10-17,60.179542541503906,64.87000274658203,64.87999725341797,63.9900016784668,64.45999908447266,1555144
2023-10-18,59.5394287109375,64.18000030517578,65.29000091552734,64.18000030517578,65.0,1671117
2023-10-19,58.862213134765625,63.45000076293945,63.810001373291016,62.58000183105469,63.459999084472656,2859429
2023-10-20,57.526329040527344,62.0099983215332,63.040000915527344,61.7599983215332,62.959999084472656,4497505
2023-10-23,57.238746643066406,61.70000076293945,62.20000076293945,60.75,62.20000076293945,3481693
2023-10-24,57.08103942871094,61.529998779296875,61.779998779296875,61.099998474121094,61.459999084472656,2104956
2023-10-25,56.94188690185547,61.380001068115234,61.810001373291016,60.7599983215332,61.70000076293945,2615103
2023-10-26,53.6578483581543,57.84000015258789,58.75,57.11000061035156,58.529998779296875,8028344
2023-10-27,52.14570236206055,56.209999084472656,57.869998931884766,56.029998779296875,57.04999923706055,5563262
2023-10-30,51.56126022338867,55.58000183105469,56.43000030517578,55.27000045776367,56.0099983215332,3801648
2023-10-31,51.42210388183594,55.43000030517578,55.869998931884766,55.08000183105469,55.5,4005904
2023-11-01,51.923057556152344,55.970001220703125,56.540000915527344,55.34000015258789,55.86000061035156,3838016
2023-11-02,53.360984802246094,57.52000045776367,57.689998626708984,56.45000076293945,56.849998474121094,3882307
2023-11-03,53.71350860595703,57.900001525878906,58.4900016784668,57.880001068115234,58.209999084472656,4028205
2023-11-06,53.37025833129883,57.529998779296875,58.400001525878906,57.41999816894531,58.29999923706055,2340378
2023-11-07,52.75798034667969,56.869998931884766,57.59000015258789,56.68000030517578,57.18000030517578,2498745
2023-11-08,53.29604721069336,57.45000076293945,57.810001373291016,56.38999938964844,56.58000183105469,2257548
2023-11-09,53.147613525390625,57.290000915527344,57.91999816894531,57.189998626708984,57.540000915527344,2046433
2023-11-10,52.405460357666016,56.4900016784668,56.86000061035156,56.2400016784668,56.75,2751051
2023-11-13,52.507503509521484,56.599998474121094,57.029998779296875,56.209999084472656,56.86000061035156,2480912
2023-11-14,53.797000885009766,57.9900016784668,58.09000015258789,56.470001220703125,57.029998779296875,3412347
2023-11-15,54.44638442993164,58.689998626708984,58.790000915527344,58.099998474121094,58.290000915527344,2511199
2023-11-16,53.75989532470703,57.95000076293945,58.79999923706055,57.88999938964844,58.33000183105469,2201153
2023-11-17,54.362892150878906,58.599998474121094,58.7599983215332,57.880001068115234,58.099998474121094,2603266
2023-11-20,54.66903305053711,58.93000030517578,59.08000183105469,58.459999084472656,58.9900016784668,2028002
2023-11-21,53.954708099365234,58.15999984741211,59.11000061035156,58.13999938964844,58.7599983215332,2239459
2023-11-22,54.06603240966797,58.279998779296875,58.599998474121094,58.099998474121094,58.45000076293945,1687437
2023-11-23,54.028926849365234,58.2400016784668,58.5,58.130001068115234,58.400001525878906,1324102
2023-11-24,54.32578659057617,58.560001373291016,58.63999938964844,57.619998931884766,58.0,2059372
2023-11-27,54.1402473449707,58.36000061035156,58.650001525878906,58.04999923706055,58.5,1800473
2023-11-28,53.769168853759766,57.959999084472656,58.0,57.59000015258789,58.0,2082850
2023-11-29,55.00300598144531,59.290000915527344,59.540000915527344,57.970001220703125,58.0,3050584
2023-11-30,55.272037506103516,59.58000183105469,59.779998779296875,58.9900016784668,59.58000183105469,3589967
2023-12-01,55.791542053222656,60.13999938964844,60.15999984741211,59.459999084472656,59.66999816894531,1957079
2023-12-04,56.14406967163086,60.52000045776367,60.7599983215332,59.81999969482422,60.099998474121094,2116842
2023-12-05,57.0068244934082,61.45000076293945,61.68000030517578,60.220001220703125,60.29999923706055,3039437
2023-12-06,57.86030197143555,62.369998931884766,62.97999954223633,61.43000030517578,61.70000076293945,2600586
2023-12-07,57.83246994018555,62.34000015258789,62.560001373291016,61.959999084472656,62.08000183105469,2073491
2023-12-08,58.32415008544922,62.869998931884766,63.11000061035156,62.11000061035156,62.439998626708984,2934602
2023-12-11,58.49113464355469,63.04999923706055,63.25,62.470001220703125,62.959999084472656,2199996
2023-12-12,58.18499755859375,62.720001220703125,63.61000061035156,62.720001220703125,63.27000045776367,2164014
2023-12-13,57.275856018066406,61.7400016784668,62.61000061035156,61.66999816894531,61.939998626708984,2621757
2023-12-14,58.90859603881836,63.5,64.19000244140625,63.04999923706055,63.400001525878906,4322932
2023-12-15,59.715694427490234,64.37000274658203,65.31999969482422,63.970001220703125,64.01000213623047,6512480
2023-12-18,58.94570541381836,63.540000915527344,63.810001373291016,63.290000915527344,63.72999954223633,2444623
2023-12-19,58.639564514160156,63.209999084472656,63.65999984741211,63.150001525878906,63.25,1758153
2023-12-20,58.57462692260742,63.13999938964844,63.91999816894531,62.90999984741211,63.369998931884766,1880142
2023-12-21,58.175716400146484,62.709999084472656,62.779998779296875,62.08000183105469,62.400001525878906,1594417
2023-12-22,58.30559539794922,62.849998474121094,63.25,62.529998779296875,62.61000061035156,1656994
2023-12-27,58.138607025146484,62.66999816894531,63.02000045776367,62.380001068115234,62.66999816894531,1234302
2023-12-28,57.75825500488281,62.2599983215332,62.83000183105469,62.220001220703125,62.790000915527344,1318193
2023-12-29,58.027286529541016,62.54999923706055,62.7599983215332,62.2599983215332,62.29999923706055,748677
2024-01-02,58.75088882446289,63.33000183105469,63.779998779296875,62.2599983215332,62.75,1724329
2024-01-03,57.70259475708008,62.20000076293945,63.61000061035156,61.88999938964844,63.380001068115234,2310818
2024-01-04,57.81391906738281,62.31999969482422,62.86000061035156,62.2400016784668,62.41999816894531,2207718
2024-01-05,58.027286529541016,62.54999923706055,63.29999923706055,61.5099983215332,62.0,2345812
2024-01-08,58.96426010131836,63.560001373291016,63.61000061035156,62.13999938964844,62.5,1681104
2024-01-09,59.18690490722656,63.79999923706055,63.84000015258789,63.22999954223633,63.54999923706055,2111832
2024-01-10,58.40764236450195,62.959999084472656,64.05999755859375,62.959999084472656,63.7400016784668,2266784
2024-01-11,57.72114944458008,62.220001220703125,64.02999877929688,62.220001220703125,63.52000045776367,2415628
2024-01-12,56.92333221435547,61.36000061035156,62.529998779296875,61.18000030517578,62.41999816894531,2974285
2024-01-15,56.9789924621582,61.41999816894531,61.66999816894531,60.70000076293945,61.220001220703125,1911584
2024-01-16,56.84911346435547,61.279998779296875,61.41999816894531,60.709999084472656,61.18000030517578,2225382
2024-01-17,55.03083419799805,59.31999969482422,60.5099983215332,59.209999084472656,60.25,3506283
2024-01-18,55.51323699951172,59.84000015258789,60.33000183105469,58.84000015258789,59.119998931884766,2416672
2024-01-19,54.83601760864258,59.11000061035156,60.150001525878906,59.02000045776367,60.099998474121094,3089578
2024-01-22,55.00300598144531,59.290000915527344,60.04999923706055,59.13999938964844,59.40999984741211,2169356
2024-01-23,55.865760803222656,60.220001220703125,60.91999816894531,59.33000183105469,59.439998626708984,2735630
2024-01-24,56.33888244628906,60.72999954223633,61.029998779296875,60.09000015258789,60.599998474121094,1859667
2024-01-25,55.42974090576172,59.75,60.650001525878906,59.400001525878906,60.599998474121094,2851011
2024-01-26,56.83055877685547,61.2599983215332,61.29999923706055,59.7599983215332,59.7599983215332,3214963
2024-01-29,57.405731201171875,61.880001068115234,61.880001068115234,60.7599983215332,61.34000015258789,2159220
2024-01-30,57.75825500488281,62.2599983215332,62.810001373291016,61.540000915527344,62.15999984741211,2006522
2024-01-31,58.30559539794922,62.849998474121094,63.02000045776367,62.040000915527344,62.13999938964844,3123530
2024-02-01,58.51896667480469,63.08000183105469,63.54999923706055,62.75,62.869998931884766,2449579
2024-02-02,59.68785858154297,64.33999633789062,65.12999725341797,63.70000076293945,64.0,3770724
2024-02-05,58.61173629760742,63.18000030517578,64.61000061035156,63.150001525878906,64.55000305175781,2387817
2024-02-06,59.33533477783203,63.959999084472656,64.13999938964844,63.33000183105469,63.75,1844561
2024-02-07,59.35388946533203,63.97999954223633,65.16000366210938,63.97999954223633,64.13999938964844,2028234
2024-02-08,60.33724594116211,65.04000091552734,65.2699966430664,63.939998626708984,64.3499984741211,1836118
2024-02-09,60.225921630859375,64.91999816894531,65.45999908447266,64.5999984741211,65.0999984741211,1751091
2024-02-12,60.903141021728516,65.6500015258789,66.01000213623047,65.16999816894531,65.23999786376953,1431014
2024-02-13,60.70832824707031,65.44000244140625,66.38999938964844,65.2699966430664,65.69000244140625,2324829
2024-02-14,60.79181671142578,65.52999877929688,65.79000091552734,64.9800033569336,65.12000274658203,1247134
2024-02-15,62.01637268066406,66.8499984741211,67.16999816894531,66.0999984741211,66.1500015258789,2872026
2024-02-16,62.50804901123047,67.37999725341797,68.02999877929688,67.33000183105469,67.36000061035156,2853188
2024-02-19,62.73997116088867,67.62999725341797,67.69000244140625,67.16999816894531,67.37000274658203,1774036
2024-02-20,61.95143508911133,66.77999877929688,67.43000030517578,66.44999694824219,67.30999755859375,2526297
2024-02-21,63.14815902709961,68.06999969482422,68.66000366210938,67.37000274658203,67.56999969482422,3552731
2024-02-22,66.11678314208984,71.2699966430664,72.23999786376953,70.36000061035156,70.94999694824219,7352263
2024-02-23,66.49713897705078,71.68000030517578,72.91999816894531,71.36000061035156,71.68000030517578,4349780
2024-02-26,66.20027923583984,71.36000061035156,71.9000015258789,70.7699966430664,71.36000061035156,2730537
2024-02-27,66.94243621826172,72.16000366210938,72.5199966430664,71.1500015258789,71.30000305175781,2467850
2024-02-28,68.0927734375,73.4000015258789,73.48999786376953,72.38999938964844,72.8499984741211,3369399
2024-02-29,68.31541442871094,73.63999938964844,74.2699966430664,73.22000122070312,73.52999877929688,4241706
2024-03-01,68.73287963867188,74.08999633789062,75.06999969482422,73.87000274658203,74.16999816894531,4126828
2024-03-04,68.40818786621094,73.73999786376953,74.25,73.52999877929688,73.81999969482422,1924498
2024-03-05,68.42674255371094,73.76000213623047,73.80000305175781,72.66999816894531,73.80000305175781,1782226
2024-03-06,67.58253479003906,72.8499984741211,73.83999633789062,72.79000091552734,73.68000030517578,2513190
2024-03-07,67.16507720947266,72.4000015258789,72.55000305175781,71.05999755859375,72.25,2665450
2024-03-08,67.30423736572266,72.55000305175781,73.01000213623047,72.04000091552734,72.4000015258789,2024985
2024-03-11,67.16507720947266,72.4000015258789,72.5,72.01000213623047,72.37999725341797,1915139
2024-03-12,68.0185546875,73.31999969482422,73.48999786376953,72.18000030517578,72.48999786376953,3658094
2024-03-13,67.24856567382812,72.48999786376953,73.12999725341797,72.23999786376953,72.98999786376953,2930477
2024-03-14,67.29495239257812,72.54000091552734,73.44999694824219,72.18000030517578,72.5,3021335
2024-03-15,67.81446075439453,73.0999984741211,73.9800033569336,72.69000244140625,72.87999725341797,7718621
2024-03-18,68.0556640625,73.36000061035156,73.94000244140625,73.11000061035156,73.37999725341797,1790934
2024-03-19,68.78854370117188,74.1500015258789,74.2300033569336,73.29000091552734,73.63999938964844,2524749
2024-03-20,68.46385192871094,73.80000305175781,74.05000305175781,73.41999816894531,74.05000305175781,1631620
2024-03-21,68.037109375,73.33999633789062,74.5199966430664,73.04000091552734,74.47000122070312,2452128
2024-03-22,68.18553924560547,73.5,73.63999938964844,72.95999908447266,73.33999633789062,1735721
2024-03-25,68.38963317871094,73.72000122070312,73.7699966430664,73.3499984741211,73.58000183105469,1377705
2024-03-26,68.13915252685547,73.44999694824219,74.04000091552734,73.31999969482422,73.7699966430664,2053627
2024-03-27,68.20409393310547,73.5199966430664,73.81999969482422,72.83999633789062,73.44999694824219,2007814
2024-03-28,68.4731216430664,73.80999755859375,74.0999984741211,73.36000061035156,73.62000274658203,2523071
2024-04-02,68.15771484375,73.47000122070312,74.2300033569336,73.3499984741211,74.19999694824219,2459790
2024-04-03,68.56590270996094,73.91000366210938,74.0199966430664,73.19000244140625,73.69000244140625,2693400
2024-04-04,69.82756042480469,75.2699966430664,75.62999725341797,73.77999877929688,73.94999694824219,3037790
2024-04-05,69.30805206298828,74.70999908447266,74.77999877929688,74.0,74.29000091552734,2919782
2024-04-08,71.07067108154297,76.61000061035156,77.44999694824219,75.04000091552734,75.05000305175781,4060772
2024-04-09,70.67176055908203,76.18000030517578,76.69999694824219,75.94999694824219,76.4000015258789,1879793
2024-04-10,70.50477600097656,76.0,77.36000061035156,75.36000061035156,76.9000015258789,2440713
2024-04-11,70.2635726928711,75.73999786376953,76.23999786376953,75.11000061035156,76.05000305175781,2083716
2024-04-12,69.92033386230469,75.37000274658203,76.56999969482422,74.83999633789062,76.37000274658203,2761599
2024-04-15,70.72742462158203,76.23999786376953,77.12000274658203,75.5199966430664,75.5199966430664,2436821
2024-04-16,69.21528625488281,74.61000061035156,75.11000061035156,74.16000366210938,75.11000061035156,3364354
2024-04-17,69.02046966552734,74.4000015258789,75.20999908447266,74.23999786376953,74.56999969482422,1863829
2024-04-18,69.40081787109375,74.80999755859375,75.13999938964844,74.44999694824219,74.80999755859375,1799323
2024-04-19,68.77926635742188,74.13999938964844,74.3499984741211,73.48999786376953,74.22000122070312,2620156
2024-04-22,68.82565307617188,74.19000244140625,74.9000015258789,73.36000061035156,74.87999725341797,2146207
2024-04-23,68.6957778930664,74.05000305175781,74.77999877929688,73.2300033569336,74.69999694824219,2305021
2024-04-24,68.66793823242188,74.0199966430664,74.44000244140625,73.7699966430664,74.1500015258789,2223226
2024-04-25,67.92578887939453,73.22000122070312,74.36000061035156,72.36000061035156,74.36000061035156,2689932
2024-04-26,68.98336029052734,74.36000061035156,74.79000091552734,73.26000213623047,73.63999938964844,2632815
2024-04-29,69.38227081298828,74.79000091552734,75.27999877929688,74.5199966430664,75.0,2456200
2024-04-30,65.8106460571289,70.94000244140625,73.79000091552734,70.41000366210938,73.20999908447266,8393648
2024-05-02,65.7828140258789,70.91000366210938,71.94000244140625,70.63999938964844,71.0,3280527
2024-05-03,66.40437316894531,71.58000183105469,72.55000305175781,70.93000030517578,71.58000183105469,2609686
2024-05-06,67.28567504882812,72.52999877929688,73.22000122070312,71.80000305175781,72.27999877929688,2735872
2024-05-07,68.00000762939453,73.30000305175781,73.68000030517578,72.43000030517578,73.0199966430664,3251924
2024-05-08,67.32278442382812,72.56999969482422,73.41999816894531,71.97000122070312,73.30999755859375,4055379
2024-05-09,68.3499984741211,68.3499984741211,68.81999969482422,67.83999633789062,68.6500015258789,3430145
2024-05-10,68.19000244140625,68.19000244140625,68.7300033569336,67.87000274658203,68.6500015258789,4129482
2024-05-13,68.36000061035156,68.36000061035156,68.5199966430664,67.52999877929688,67.93000030517578,3638292
2024-05-14,69.33000183105469,69.33000183105469,69.5,68.37999725341797,68.52999877929688,3616857
2024-05-15,69.0,69.0,70.12999725341797,69.0,69.5,3804493
2024-05-16,68.31999969482422,68.31999969482422,68.94000244140625,67.94999694824219,68.80000305175781,3444772
2024-05-17,68.05999755859375,68.05999755859375,68.86000061035156,67.94999694824219,68.25,3298305
2024-05-20,67.12999725341797,67.12999725341797,68.5999984741211,67.05999755859375,68.51000213623047,3137023
2024-05-21,66.80999755859375,66.80999755859375,66.91999816894531,66.44999694824219,66.80000305175781,3152633
2024-05-22,65.76000213623047,65.76000213623047,66.33000183105469,64.69999694824219,65.69999694824219,4205029
2024-05-23,65.70999908447266,65.70999908447266,66.11000061035156,65.30999755859375,65.83000183105469,3251540
2024-05-24,66.02999877929688,66.02999877929688,66.31999969482422,65.04000091552734,65.11000061035156,3457306
2024-05-27,66.29000091552734,66.29000091552734,66.5999984741211,65.9000015258789,66.20999908447266,2876501
2024-05-28,66.37999725341797,66.37999725341797,66.98999786376953,66.12000274658203,66.55000305175781,2770712
2024-05-29,65.47000122070312,65.47000122070312,66.23999786376953,65.3499984741211,66.1500015258789,3414908
2024-05-30,65.93000030517578,65.93000030517578,66.06999969482422,65.13999938964844,65.37000274658203,3371431
2024-05-31,66.4000015258789,66.4000015258789,66.62000274658203,65.66999816894531,66.12999725341797,4258600
2024-06-03,66.33000183105469,66.33000183105469,67.0999984741211,66.33000183105469,66.77999877929688,3259641
2024-06-04,65.52999877929688,65.52999877929688,66.41999816894531,65.11000061035156,66.13999938964844,3371598
2024-06-05,65.58000183105469,65.58000183105469,66.11000061035156,65.37000274658203,65.55999755859375,2829994
2024-06-06,65.77999877929688,65.77999877929688,66.02999877929688,65.29000091552734,65.6500015258789,2822962
2024-06-07,65.11000061035156,65.11000061035156,65.80000305175781,64.69999694824219,65.5999984741211,2832694
2024-06-10,65.5199966430664,65.5199966430664,65.5199966430664,64.29000091552734,64.79000091552734,3433214
2024-06-11,65.41000366210938,65.41000366210938,65.86000061035156,64.95999908447266,65.61000061035156,2618452
2024-06-12,64.81999969482422,64.81999969482422,65.66999816894531,64.22000122070312,65.08000183105469,4045755
2024-06-13,63.650001525878906,63.650001525878906,64.58000183105469,63.41999816894531,64.41000366210938,4129584
2024-06-14,63.20000076293945,63.20000076293945,63.70000076293945,62.72999954223633,63.599998474121094,4296952
2024-06-17,63.59000015258789,63.59000015258789,63.91999816894531,63.08000183105469,63.459999084472656,3286072
2024-06-18,63.52000045776367,63.52000045776367,64.19000244140625,63.29999923706055,64.01000213623047,3348931
2024-06-19,63.83000183105469,63.83000183105469,64.02999877929688,63.41999816894531,63.599998474121094,3502734
2024-06-20,64.33999633789062,64.33999633789062,64.5,63.7599983215332,63.90999984741211,3434677
2024-06-21,63.65999984741211,63.65999984741211,64.47000122070312,63.52000045776367,64.43000030517578,7796754
2024-06-24,64.54000091552734,64.54000091552734,65.4800033569336,63.869998931884766,63.880001068115234,5794098
2024-06-25,64.80999755859375,64.80999755859375,65.20999908447266,64.44999694824219,64.62999725341797,3803385
2024-06-26,64.25,64.25,64.95999908447266,63.9900016784668,64.7300033569336,3783208
2024-06-27,63.43000030517578,63.43000030517578,64.3499984741211,63.27000045776367,64.18000030517578,2913012
2024-06-28,64.56999969482422,64.56999969482422,65.20999908447266,64.0999984741211,64.69000244140625,4116238
2024-07-01,64.80000305175781,64.80000305175781,65.83999633789062,64.77999877929688,65.56999969482422,3180533
2024-07-02,64.7300033569336,64.7300033569336,64.86000061035156,64.05999755859375,64.72000122070312,2190700
2024-07-03,65.30000305175781,65.30000305175781,65.5199966430664,64.80000305175781,64.91000366210938,2660206
2024-07-04,65.94000244140625,65.94000244140625,66.27999877929688,65.5199966430664,65.58000183105469,1860262
2024-07-05,65.47000122070312,65.47000122070312,66.25,65.18000030517578,65.8499984741211,1852800
2024-07-08,65.38999938964844,65.38999938964844,65.93000030517578,65.16999816894531,65.29000091552734,1568407
2024-07-09,63.150001525878906,63.150001525878906,64.22000122070312,62.849998474121094,63.84000015258789,5259368
2024-07-10,63.95000076293945,63.95000076293945,64.1500015258789,62.689998626708984,63.22999954223633,2319816
2024-07-11,64.0,64.0,64.30999755859375,63.310001373291016,64.12000274658203,1896878
2024-07-12,64.77999877929688,64.77999877929688,64.81999969482422,64.0,64.18000030517578,2221246
2024-07-15,64.45999908447266,64.45999908447266,64.63999938964844,64.13999938964844,64.58999633789062,1287932
2024-07-16,63.54999923706055,63.54999923706055,64.18000030517578,63.15999984741211,64.12999725341797,2288680
2024-07-17,63.349998474121094,63.349998474121094,63.630001068115234,62.9900016784668,63.310001373291016,1859231
2024-07-18,64.4000015258789,64.4000015258789,64.80999755859375,63.7400016784668,64.08000183105469,2303093
2024-07-19,63.529998779296875,63.529998779296875,64.13999938964844,63.4900016784668,63.900001525878906,2626148
2024-07-22,64.25,64.25,64.87000274658203,63.77000045776367,63.779998779296875,1922287
2024-07-23,63.970001220703125,63.970001220703125,64.80999755859375,63.54999923706055,64.0,1924445
2024-07-24,63.459999084472656,63.459999084472656,63.65999984741211,63.119998931884766,63.220001220703125,2087885
2024-07-25,62.959999084472656,62.959999084472656,63.209999084472656,62.150001525878906,62.5,3069525
2024-07-26,63.02000045776367,63.02000045776367,63.459999084472656,61.0,61.43000030517578,3428669
2024-07-29,61.900001525878906,61.900001525878906,63.34000015258789,61.7400016784668,63.130001068115234,3162545
2024-07-30,61.630001068115234,61.630001068115234,62.20000076293945,61.41999816894531,61.86000061035156,2366200
2024-07-31,61.15999984741211,61.15999984741211,61.88999938964844,60.869998931884766,61.5099983215332,3191732
2024-08-01,59.43000030517578,59.43000030517578,60.63999938964844,58.720001220703125,60.34000015258789,5011332
2024-08-02,58.29999923706055,58.29999923706055,59.5099983215332,57.88999938964844,59.400001525878906,4403507
2024-08-05,56.91999816894531,56.91999816894531,57.38999938964844,55.90999984741211,57.0,5512461
2024-08-06,56.58000183105469,56.58000183105469,57.41999816894531,56.310001373291016,57.16999816894531,4381209
2024-08-07,57.84000015258789,57.84000015258789,58.33000183105469,56.7599983215332,56.79999923706055,3979891
2024-08-08,58.040000915527344,58.040000915527344,58.04999923706055,57.2599983215332,57.59000015258789,3170892
2024-08-09,57.810001373291016,57.810001373291016,58.459999084472656,57.470001220703125,58.02000045776367,2833651
2024-08-12,57.47999954223633,57.47999954223633,58.040000915527344,57.2400016784668,57.959999084472656,1827038
2024-08-13,57.439998626708984,57.439998626708984,57.77000045776367,57.13999938964844,57.56999969482422,1468641
2024-08-14,58.27000045776367,58.27000045776367,58.45000076293945,57.52000045776367,57.77000045776367,2321824
2024-08-15,59.59000015258789,59.59000015258789,59.88999938964844,58.15999984741211,58.400001525878906,3524580
2024-08-16,60.09000015258789,60.09000015258789,60.349998474121094,59.810001373291016,59.900001525878906,2706255
2024-08-19,60.70000076293945,60.70000076293945,61.06999969482422,60.20000076293945,60.209999084472656,1919994
2024-08-20,60.959999084472656,60.959999084472656,61.310001373291016,60.689998626708984,60.91999816894531,1534133
2024-08-21,61.86000061035156,61.86000061035156,61.93000030517578,60.66999816894531,60.75,2094335
2024-08-22,61.61000061035156,61.61000061035156,62.029998779296875,61.5,61.900001525878906,1466942
2024-08-23,62.09000015258789,62.09000015258789,62.29999923706055,61.810001373291016,61.869998931884766,1568220
2024-08-26,62.310001373291016,62.310001373291016,62.630001068115234,61.90999984741211,62.0099983215332,1134116
2024-08-27,62.560001373291016,62.560001373291016,63.2400016784668,62.34000015258789,62.5,1456113
2024-08-28,62.13999938964844,62.13999938964844,62.86000061035156,62.06999969482422,62.66999816894531,1525711
2024-08-29,62.380001068115234,62.380001068115234,62.849998474121094,62.040000915527344,62.20000076293945,1589038
2024-08-30,62.34000015258789,62.34000015258789,62.63999938964844,62.209999084472656,62.459999084472656,5031257
2024-09-02,61.959999084472656,61.959999084472656,62.560001373291016,60.84000015258789,62.52000045776367,1814966
2024-09-03,60.900001525878906,60.900001525878906,62.02000045776367,60.689998626708984,61.83000183105469,2112431
2024-09-04,59.88999938964844,59.88999938964844,60.33000183105469,59.439998626708984,59.900001525878906,2125959
2024-09-05,60.040000915527344,60.040000915527344,60.91999816894531,59.380001068115234,59.52000045776367,2087484
2024-09-06,58.45000076293945,58.45000076293945,59.939998626708984,58.15999984741211,59.90999984741211,3629612
2024-09-09,58.2400016784668,58.2400016784668,58.630001068115234,57.869998931884766,58.56999969482422,2115513
2024-09-10,55.400001525878906,55.400001525878906,58.15999984741211,54.88999938964844,58.0,6553320
2024-09-11,55.68000030517578,55.68000030517578,56.0,54.90999984741211,55.59000015258789,2739115
2024-09-12,55.66999816894531,55.66999816894531,56.560001373291016,55.33000183105469,56.36000061035156,2145779
2024-09-13,56.7400016784668,56.7400016784668,56.939998626708984,55.900001525878906,55.900001525878906,2445525
2024-09-16,56.540000915527344,56.540000915527344,56.77000045776367,56.209999084472656,56.70000076293945,1736912
2024-09-17,57.16999816894531,57.16999816894531,57.56999969482422,56.47999954223633,56.599998474121094,2265617
2024-09-18,57.61000061035156,57.61000061035156,57.779998779296875,57.09000015258789,57.25,1880169
2024-09-19,59.0099983215332,59.0099983215332,59.560001373291016,58.290000915527344,58.540000915527344,3205218
2024-09-20,54.9900016784668,54.9900016784668,55.58000183105469,54.04999923706055,54.79999923706055,0
2024-09-23,56.09000015258789,56.09000015258789,56.09000015258789,54.209999084472656,54.79999923706055,3480241
2024-09-24,56.83000183105469,56.83000183105469,57.529998779296875,56.70000076293945,57.11000061035156,3628476
2024-09-25,55.880001068115234,55.880001068115234,57.06999969482422,55.81999969482422,56.630001068115234,3152780
2024-09-26,57.709999084472656,57.709999084472656,57.9900016784668,56.2400016784668,56.290000915527344,3640198
2024-09-27,59.4900016784668,59.4900016784668,59.709999084472656,57.95000076293945,57.9900016784668,4089075
2024-09-30,58.040000915527344,58.040000915527344,59.15999984741211,57.91999816894531,59.09000015258789,4211463
2024-10-01,57.5,57.5,58.279998779296875,57.150001525878906,58.150001525878906,2462388
2024-10-02,57.349998474121094,57.349998474121094,58.150001525878906,57.27000045776367,57.52000045776367,1687377
2024-10-03,56.720001220703125,56.720001220703125,56.90999984741211,56.0,56.83000183105469,2392141
2024-10-04,57.31999969482422,57.31999969482422,57.689998626708984,56.560001373291016,56.790000915527344,2500725
2024-10-07,57.66999816894531,57.66999816894531,57.709999084472656,57.0,57.59000015258789,1294709
2024-10-08,56.439998626708984,56.439998626708984,57.09000015258789,56.02000045776367,56.58000183105469,2938069
2024-10-09,57.0,57.0,57.060001373291016,56.11000061035156,56.599998474121094,1986078
2024-10-10,57.20000076293945,57.20000076293945,57.650001525878906,56.66999816894531,56.95000076293945,1750213
2024-10-11,57.81999969482422,57.81999969482422,57.81999969482422,56.7599983215332,57.0099983215332,2454087
2024-10-14,57.7599983215332,57.7599983215332,58.099998474121094,57.43000030517578,58.060001373291016,1484578
2024-10-15,57.27000045776367,57.27000045776367,57.88999938964844,56.630001068115234,57.84000015258789,2866690
2024-10-16,56.77000045776367,56.77000045776367,57.11000061035156,56.31999969482422,56.900001525878906,2841983
2024-10-17,56.900001525878906,56.900001525878906,57.36000061035156,56.31999969482422,56.79999923706055,1716231
2024-10-18,57.29999923706055,57.29999923706055,58.41999816894531,56.93000030517578,56.939998626708984,2523894
2024-10-21,57.0,57.0,57.599998474121094,56.90999984741211,57.08000183105469,1158864
2024-10-22,57.380001068115234,57.380001068115234,57.4900016784668,56.689998626708984,56.81999969482422,1487786
2024-10-23,57.529998779296875,57.529998779296875,58.66999816894531,57.5,57.7599983215332,1907256
2024-10-24,58.36000061035156,58.36000061035156,59.68000030517578,57.529998779296875,57.540000915527344,3311420
2024-10-25,57.790000915527344,57.790000915527344,58.08000183105469,56.099998474121094,56.52000045776367,3687573
2024-10-28,57.43000030517578,57.43000030517578,58.41999816894531,56.7400016784668,58.33000183105469,2070594
2024-10-29,56.95000076293945,56.95000076293945,57.810001373291016,56.599998474121094,57.29999923706055,2382145
2024-10-30,56.400001525878906,56.400001525878906,56.54999923706055,55.63999938964844,56.29999923706055,3051700
2024-10-31,55.70000076293945,55.70000076293945,56.439998626708984,55.70000076293945,55.84000015258789,2542253
2024-11-01,55.70000076293945,55.70000076293945,55.70000076293945,55.70000076293945,55.70000076293945,0
2024-11-04,56.18000030517578,56.18000030517578,56.779998779296875,55.900001525878906,55.939998626708984,1396147
2024-11-05,55.900001525878906,55.900001525878906,56.36000061035156,55.52000045776367,56.2599983215332,1790790
2024-11-06,52.29999923706055,52.29999923706055,54.95000076293945,51.90999984741211,54.209999084472656,8329078
2024-11-07,53.77000045776367,53.77000045776367,54.16999816894531,52.38999938964844,52.560001373291016,4287603
2024-11-08,52.36000061035156,52.36000061035156,53.5,51.97999954223633,53.5,4468599
2024-11-11,52.849998474121094,52.849998474121094,52.959999084472656,51.86000061035156,52.880001068115234,3562640
2024-11-12,52.060001373291016,52.060001373291016,53.150001525878906,51.869998931884766,52.189998626708984,3689097
2024-11-13,51.439998626708984,51.439998626708984,51.7599983215332,50.75,51.56999969482422,4424408
2024-11-14,52.470001220703125,52.470001220703125,52.68000030517578,51.369998931884766,51.599998474121094,3244383
2024-11-15,52.95000076293945,52.95000076293945,53.369998931884766,51.90999984741211,51.93000030517578,2563264
2024-11-18,53.5099983215332,53.5099983215332,53.91999816894531,53.08000183105469,53.08000183105469,2090824
2024-11-19,52.869998931884766,52.869998931884766,53.689998626708984,52.099998474121094,53.38999938964844,3136359
2024-11-20,51.88999938964844,51.88999938964844,53.08000183105469,51.83000183105469,53.0,2007152
2024-11-21,51.849998474121094,51.849998474121094,51.900001525878906,50.97999954223633,51.88999938964844,2658294
2024-11-22,52.27000045776367,52.27000045776367,52.349998474121094,50.97999954223633,51.88999938964844,2463554
2024-11-25,52.83000183105469,52.83000183105469,53.119998931884766,52.290000915527344,52.790000915527344,3843923
2024-11-26,52.279998779296875,52.279998779296875,52.52000045776367,51.619998931884766,52.02000045776367,2307727
2024-11-27,52.33000183105469,52.33000183105469,52.380001068115234,51.90999984741211,52.11000061035156,1536542
2024-11-28,52.33000183105469,52.33000183105469,52.33000183105469,52.33000183105469,52.33000183105469,0
2024-11-29,52.959999084472656,52.959999084472656,52.970001220703125,52.290000915527344,52.380001068115234,2202011
2024-12-02,53.349998474121094,53.349998474121094,53.77000045776367,52.13999938964844,52.31999969482422,2624190
2024-12-03,52.0,52.0,52.83000183105469,52.0,52.599998474121094,3639208
2024-12-04,53.040000915527344,53.040000915527344,53.61000061035156,52.08000183105469,52.099998474121094,2577322
2024-12-05,53.380001068115234,53.380001068115234,53.59000015258789,52.90999984741211,53.0099983215332,2540821
2024-12-06,53.779998779296875,53.779998779296875,54.13999938964844,53.2400016784668,53.279998779296875,2344966
2024-12-09,55.52000045776367,55.52000045776367,55.790000915527344,54.29999923706055,54.43000030517578,3067587
2024-12-10,55.52000045776367,55.52000045776367,55.52000045776367,55.52000045776367,55.52000045776367,0
2024-12-11,55.689998626708984,55.689998626708984,56.400001525878906,55.43000030517578,56.290000915527344,2306885
2024-12-12,56.2599983215332,56.2599983215332,56.43000030517578,55.560001373291016,55.560001373291016,3000150
2024-12-13,56.529998779296875,56.529998779296875,57.22999954223633,56.38999938964844,56.38999938964844,2466855
2024-12-16,54.349998474121094,54.349998474121094,56.459999084472656,53.81999969482422,56.220001220703125,4845517
2024-12-17,54.04999923706055,54.04999923706055,54.790000915527344,53.880001068115234,53.88999938964844,2274637
2024-12-18,53.939998626708984,53.939998626708984,54.779998779296875,53.91999816894531,54.5,2496036
2024-12-19,53.470001220703125,53.470001220703125,54.31999969482422,53.15999984741211,53.2599983215332,2145399
2024-12-20,53.45000076293945,53.45000076293945,53.4900016784668,52.66999816894531,53.099998474121094,5432634
2024-12-23,52.720001220703125,52.720001220703125,53.439998626708984,52.45000076293945,53.41999816894531,1754633
2024-12-27,53.54999923706055,53.54999923706055,53.65999984741211,52.61000061035156,52.720001220703125,1997845
2024-12-30,53.79999923706055,53.79999923706055,53.849998474121094,53.060001373291016,53.13999938964844,809960
